<?xml version='1.0' encoding='UTF-8'?>
<annotation>
  <filename>0046096743295-88_93-263&amp;582_389&amp;622-383&amp;616_265&amp;622_265&amp;583_383&amp;577-0_12_5_20_24_31_32-114-16.jpg</filename>
  <object_num>1</object_num>
  <size>
    <width>720</width>
    <height>1160</height>
  </size>
  <object>
    <name>blue_plate</name>
    <difficult>0</difficult>
    <bndbox>
      <xmin>257</xmin>
      <ymin>573</ymin>
      <xmax>383</xmax>
      <ymax>621</ymax>
    </bndbox>
  </object>
</annotation>
