<?xml version='1.0' encoding='UTF-8'?>
<annotation>
  <filename>0047808908046-90_95-313&amp;438_456&amp;480-443&amp;478_325&amp;488_323&amp;448_441&amp;438-0_0_20_33_33_33_10-168-18.jpg</filename>
  <object_num>1</object_num>
  <size>
    <width>720</width>
    <height>1160</height>
  </size>
  <object>
    <name>blue_plate</name>
    <difficult>0</difficult>
    <bndbox>
      <xmin>315</xmin>
      <ymin>432</ymin>
      <xmax>443</xmax>
      <ymax>486</ymax>
    </bndbox>
  </object>
</annotation>
