<?xml version='1.0' encoding='UTF-8'?>
<annotation>
  <filename>0058908045977-90_90-290&amp;361_437&amp;408-440&amp;411_292&amp;413_291&amp;363_439&amp;361-0_0_19_22_30_30_25-99-12.jpg</filename>
  <object_num>1</object_num>
  <size>
    <width>720</width>
    <height>1160</height>
  </size>
  <object>
    <name>blue_plate</name>
    <difficult>0</difficult>
    <bndbox>
      <xmin>283</xmin>
      <ymin>356</ymin>
      <xmax>434</xmax>
      <ymax>415</ymax>
    </bndbox>
  </object>
</annotation>
