<?xml version='1.0' encoding='UTF-8'?>
<annotation>
  <filename>005938697318-90_88-287&amp;516_433&amp;566-442&amp;566_297&amp;561_295&amp;511_440&amp;516-0_9_24_30_13_30_31-101-20.jpg</filename>
  <object_num>1</object_num>
  <size>
    <width>720</width>
    <height>1160</height>
  </size>
  <object>
    <name>blue_plate</name>
    <difficult>0</difficult>
    <bndbox>
      <xmin>289</xmin>
      <ymin>503</ymin>
      <xmax>441</xmax>
      <ymax>566</ymax>
    </bndbox>
  </object>
</annotation>
