<?xml version='1.0' encoding='UTF-8'?>
<annotation>
  <filename>005936302682-90_89-387&amp;439_544&amp;487-539&amp;497_391&amp;494_392&amp;445_540&amp;448-0_0_11_29_23_24_32-44-13.jpg</filename>
  <object_num>1</object_num>
  <size>
    <width>720</width>
    <height>1160</height>
  </size>
  <object>
    <name>blue_plate</name>
    <difficult>0</difficult>
    <bndbox>
      <xmin>386</xmin>
      <ymin>438</ymin>
      <xmax>538</xmax>
      <ymax>496</ymax>
    </bndbox>
  </object>
</annotation>
