<?xml version='1.0' encoding='UTF-8'?>
<annotation>
  <filename>0061877394636-91_90-329&amp;532_474&amp;592-475&amp;590_331&amp;592_333&amp;543_477&amp;541-0_0_17_33_26_29_16-94-10.jpg</filename>
  <object_num>1</object_num>
  <size>
    <width>720</width>
    <height>1160</height>
  </size>
  <object>
    <name>blue_plate</name>
    <difficult>0</difficult>
    <bndbox>
      <xmin>334</xmin>
      <ymin>535</ymin>
      <xmax>473</xmax>
      <ymax>587</ymax>
    </bndbox>
  </object>
</annotation>
