<?xml version='1.0' encoding='UTF-8'?>
<annotation>
  <filename>0066091954023-91_93-201&amp;455_353&amp;507-363&amp;510_212&amp;507_213&amp;455_364&amp;458-0_0_6_15_26_25_26-134-9.jpg</filename>
  <object_num>1</object_num>
  <size>
    <width>720</width>
    <height>1160</height>
  </size>
  <object>
    <name>blue_plate</name>
    <difficult>0</difficult>
    <bndbox>
      <xmin>200</xmin>
      <ymin>450</ymin>
      <xmax>362</xmax>
      <ymax>512</ymax>
    </bndbox>
  </object>
</annotation>
