<?xml version='1.0' encoding='UTF-8'?>
<annotation>
  <filename>0067959770115-91_89-320&amp;318_460&amp;381-457&amp;371_325&amp;363_328&amp;315_460&amp;323-0_0_31_17_24_30_24-110-24.jpg</filename>
  <object_num>1</object_num>
  <size>
    <width>720</width>
    <height>1160</height>
  </size>
  <object>
    <name>blue_plate</name>
    <difficult>0</difficult>
    <bndbox>
      <xmin>316</xmin>
      <ymin>310</ymin>
      <xmax>465</xmax>
      <ymax>371</ymax>
    </bndbox>
  </object>
</annotation>
