<?xml version='1.0' encoding='UTF-8'?>
<annotation>
  <filename>0069540229885-90_90-268&amp;502_425&amp;561-420&amp;554_274&amp;553_275&amp;504_421&amp;505-0_0_7_31_31_30_8-176-16.jpg</filename>
  <object_num>1</object_num>
  <size>
    <width>720</width>
    <height>1160</height>
  </size>
  <object>
    <name>blue_plate</name>
    <difficult>0</difficult>
    <bndbox>
      <xmin>271</xmin>
      <ymin>501</ymin>
      <xmax>423</xmax>
      <ymax>556</ymax>
    </bndbox>
  </object>
</annotation>
