<?xml version='1.0' encoding='UTF-8'?>
<annotation>
  <filename>0071563697318-90_86-362&amp;522_520&amp;578-509&amp;581_365&amp;567_364&amp;512_508&amp;526-0_0_20_25_26_33_13-169-17.jpg</filename>
  <object_num>1</object_num>
  <size>
    <width>720</width>
    <height>1160</height>
  </size>
  <object>
    <name>blue_plate</name>
    <difficult>0</difficult>
    <bndbox>
      <xmin>353</xmin>
      <ymin>511</ymin>
      <xmax>508</xmax>
      <ymax>579</ymax>
    </bndbox>
  </object>
</annotation>
