<?xml version='1.0' encoding='UTF-8'?>
<annotation>
  <filename>0072653256705-90_83-215&amp;542_385&amp;601-384&amp;597_216&amp;609_206&amp;556_374&amp;544-0_0_4_32_32_32_29-72-17.jpg</filename>
  <object_num>1</object_num>
  <size>
    <width>720</width>
    <height>1160</height>
  </size>
  <object>
    <name>blue_plate</name>
    <difficult>0</difficult>
    <bndbox>
      <xmin>199</xmin>
      <ymin>539</ymin>
      <xmax>383</xmax>
      <ymax>606</ymax>
    </bndbox>
  </object>
</annotation>
