<?xml version='1.0' encoding='UTF-8'?>
<annotation>
  <filename>0073275862069-90_90-279&amp;455_425&amp;502-427&amp;507_282&amp;500_285&amp;450_430&amp;457-0_0_26_10_29_26_24-105-18.jpg</filename>
  <object_num>1</object_num>
  <size>
    <width>720</width>
    <height>1160</height>
  </size>
  <object>
    <name>blue_plate</name>
    <difficult>0</difficult>
    <bndbox>
      <xmin>267</xmin>
      <ymin>444</ymin>
      <xmax>430</xmax>
      <ymax>507</ymax>
    </bndbox>
  </object>
</annotation>
