<?xml version='1.0' encoding='UTF-8'?>
<annotation>
  <filename>0073275862069-90_92-279&amp;414_428&amp;462-426&amp;465_276&amp;463_279&amp;414_429&amp;416-0_9_32_26_3_26_30-159-12.jpg</filename>
  <object_num>1</object_num>
  <size>
    <width>720</width>
    <height>1160</height>
  </size>
  <object>
    <name>blue_plate</name>
    <difficult>0</difficult>
    <bndbox>
      <xmin>271</xmin>
      <ymin>407</ymin>
      <xmax>426</xmax>
      <ymax>466</ymax>
    </bndbox>
  </object>
</annotation>
