<?xml version='1.0' encoding='UTF-8'?>
<annotation>
  <filename>0074844348659-92_90-212&amp;514_354&amp;565-357&amp;566_214&amp;565_218&amp;511_361&amp;512-0_0_12_6_27_32_26-81-21.jpg</filename>
  <object_num>1</object_num>
  <size>
    <width>720</width>
    <height>1160</height>
  </size>
  <object>
    <name>blue_plate</name>
    <difficult>0</difficult>
    <bndbox>
      <xmin>204</xmin>
      <ymin>504</ymin>
      <xmax>357</xmax>
      <ymax>565</ymax>
    </bndbox>
  </object>
</annotation>
