<?xml version='1.0' encoding='UTF-8'?>
<annotation>
  <filename>0075167624521-91_87-317&amp;453_486&amp;516-478&amp;517_312&amp;512_315&amp;459_481&amp;464-0_0_24_24_33_22_30-64-23.jpg</filename>
  <object_num>1</object_num>
  <size>
    <width>720</width>
    <height>1160</height>
  </size>
  <object>
    <name>blue_plate</name>
    <difficult>0</difficult>
    <bndbox>
      <xmin>302</xmin>
      <ymin>448</ymin>
      <xmax>478</xmax>
      <ymax>521</ymax>
    </bndbox>
  </object>
</annotation>
