<?xml version='1.0' encoding='UTF-8'?>
<annotation>
  <filename>0077658045977-90_92-255&amp;498_406&amp;557-409&amp;554_260&amp;559_262&amp;504_411&amp;499-0_0_24_5_25_30_32-120-32.jpg</filename>
  <object_num>1</object_num>
  <size>
    <width>720</width>
    <height>1160</height>
  </size>
  <object>
    <name>blue_plate</name>
    <difficult>0</difficult>
    <bndbox>
      <xmin>249</xmin>
      <ymin>493</ymin>
      <xmax>410</xmax>
      <ymax>556</ymax>
    </bndbox>
  </object>
</annotation>
