<?xml version='1.0' encoding='UTF-8'?>
<annotation>
  <filename>0077969348659-90_89-181&amp;523_340&amp;581-338&amp;587_183&amp;583_187&amp;526_342&amp;530-0_0_11_31_23_31_31-76-7.jpg</filename>
  <object_num>1</object_num>
  <size>
    <width>720</width>
    <height>1160</height>
  </size>
  <object>
    <name>blue_plate</name>
    <difficult>0</difficult>
    <bndbox>
      <xmin>169</xmin>
      <ymin>521</ymin>
      <xmax>342</xmax>
      <ymax>580</ymax>
    </bndbox>
  </object>
</annotation>
