<?xml version='1.0' encoding='UTF-8'?>
<annotation>
  <filename>0077969348659-90_87-437&amp;485_605&amp;539-602&amp;543_436&amp;540_435&amp;486_601&amp;489-0_0_17_32_24_25_2-124-18.jpg</filename>
  <object_num>1</object_num>
  <size>
    <width>720</width>
    <height>1160</height>
  </size>
  <object>
    <name>blue_plate</name>
    <difficult>0</difficult>
    <bndbox>
      <xmin>432</xmin>
      <ymin>480</ymin>
      <xmax>601</xmax>
      <ymax>545</ymax>
    </bndbox>
  </object>
</annotation>
