<?xml version='1.0' encoding='UTF-8'?>
<annotation>
  <filename>0078125-88_270-267&amp;518_412&amp;567-412&amp;563_268&amp;567_267&amp;525_409&amp;518-0_0_3_29_25_32_32_32-159-40.jpg</filename>
  <object_num>1</object_num>
  <size>
    <width>720</width>
    <height>1160</height>
  </size>
  <object>
    <name>greed_plate</name>
    <difficult>0</difficult>
    <bndbox>
      <xmin>259</xmin>
      <ymin>517</ymin>
      <xmax>415</xmax>
      <ymax>575</ymax>
    </bndbox>
  </object>
</annotation>
