<?xml version='1.0' encoding='UTF-8'?>
<annotation>
  <filename>0078125-90_264-301&amp;558_446&amp;607-446&amp;607_305&amp;606_301&amp;558_443&amp;558-0_0_5_24_24_31_27_24-142-6.jpg</filename>
  <object_num>1</object_num>
  <size>
    <width>720</width>
    <height>1160</height>
  </size>
  <object>
    <name>greed_plate</name>
    <difficult>0</difficult>
    <bndbox>
      <xmin>286</xmin>
      <ymin>557</ymin>
      <xmax>443</xmax>
      <ymax>610</ymax>
    </bndbox>
  </object>
</annotation>
