<?xml version='1.0' encoding='UTF-8'?>
<annotation>
  <filename>0080471743295-90_87-251&amp;356_411&amp;428-408&amp;424_255&amp;418_251&amp;356_404&amp;362-0_0_31_29_14_33_27-72-14.jpg</filename>
  <object_num>1</object_num>
  <size>
    <width>720</width>
    <height>1160</height>
  </size>
  <object>
    <name>blue_plate</name>
    <difficult>0</difficult>
    <bndbox>
      <xmin>243</xmin>
      <ymin>350</ymin>
      <xmax>402</xmax>
      <ymax>422</ymax>
    </bndbox>
  </object>
</annotation>
