<?xml version='1.0' encoding='UTF-8'?>
<annotation>
  <filename>0081417624521-87_85-312&amp;420_458&amp;478-461&amp;474_325&amp;479_311&amp;425_447&amp;420-11_8_14_30_25_26_19-67-11.jpg</filename>
  <object_num>1</object_num>
  <size>
    <width>720</width>
    <height>1160</height>
  </size>
  <object>
    <name>blue_plate</name>
    <difficult>0</difficult>
    <bndbox>
      <xmin>310</xmin>
      <ymin>415</ymin>
      <xmax>465</xmax>
      <ymax>483</ymax>
    </bndbox>
  </object>
</annotation>
