<?xml version='1.0' encoding='UTF-8'?>
<annotation>
  <filename>0081417624521-92_87-301&amp;549_448&amp;609-448&amp;613_299&amp;595_304&amp;544_453&amp;562-0_0_7_14_25_27_30-147-26.jpg</filename>
  <object_num>1</object_num>
  <size>
    <width>720</width>
    <height>1160</height>
  </size>
  <object>
    <name>blue_plate</name>
    <difficult>0</difficult>
    <bndbox>
      <xmin>283</xmin>
      <ymin>538</ymin>
      <xmax>453</xmax>
      <ymax>615</ymax>
    </bndbox>
  </object>
</annotation>
