<?xml version='1.0' encoding='UTF-8'?>
<annotation>
  <filename>0082183908046-93_82-236&amp;517_403&amp;574-401&amp;580_231&amp;563_223&amp;506_393&amp;523-0_0_15_2_33_26_24-152-23.jpg</filename>
  <object_num>1</object_num>
  <size>
    <width>720</width>
    <height>1160</height>
  </size>
  <object>
    <name>blue_plate</name>
    <difficult>0</difficult>
    <bndbox>
      <xmin>220</xmin>
      <ymin>501</ymin>
      <xmax>402</xmax>
      <ymax>578</ymax>
    </bndbox>
  </object>
</annotation>
