<?xml version='1.0' encoding='UTF-8'?>
<annotation>
  <filename>0083908045977-92_85-321&amp;402_484&amp;479-483&amp;472_331&amp;462_333&amp;412_485&amp;422-0_1_22_5_24_32_27-87-43.jpg</filename>
  <object_num>1</object_num>
  <size>
    <width>720</width>
    <height>1160</height>
  </size>
  <object>
    <name>blue_plate</name>
    <difficult>0</difficult>
    <bndbox>
      <xmin>325</xmin>
      <ymin>406</ymin>
      <xmax>484</xmax>
      <ymax>472</ymax>
    </bndbox>
  </object>
</annotation>
