<?xml version='1.0' encoding='UTF-8'?>
<annotation>
  <filename>0083908045977-90_92-312&amp;415_470&amp;476-467&amp;465_318&amp;469_317&amp;418_466&amp;414-0_0_14_10_30_32_30-116-21.jpg</filename>
  <object_num>1</object_num>
  <size>
    <width>720</width>
    <height>1160</height>
  </size>
  <object>
    <name>blue_plate</name>
    <difficult>0</difficult>
    <bndbox>
      <xmin>308</xmin>
      <ymin>409</ymin>
      <xmax>463</xmax>
      <ymax>469</ymax>
    </bndbox>
  </object>
</annotation>
