<?xml version='1.0' encoding='UTF-8'?>
<annotation>
  <filename>0086099137931-90_89-313&amp;479_481&amp;542-481&amp;534_308&amp;534_310&amp;475_483&amp;475-0_0_4_31_31_29_22-101-18.jpg</filename>
  <object_num>1</object_num>
  <size>
    <width>720</width>
    <height>1160</height>
  </size>
  <object>
    <name>blue_plate</name>
    <difficult>0</difficult>
    <bndbox>
      <xmin>303</xmin>
      <ymin>466</ymin>
      <xmax>482</xmax>
      <ymax>539</ymax>
    </bndbox>
  </object>
</annotation>
