<?xml version='1.0' encoding='UTF-8'?>
<annotation>
  <filename>0086709770115-88_89-220&amp;508_376&amp;567-378&amp;562_229&amp;575_228&amp;520_377&amp;507-10_9_27_32_29_29_18-131-31.jpg</filename>
  <object_num>1</object_num>
  <size>
    <width>720</width>
    <height>1160</height>
  </size>
  <object>
    <name>blue_plate</name>
    <difficult>0</difficult>
    <bndbox>
      <xmin>221</xmin>
      <ymin>508</ymin>
      <xmax>373</xmax>
      <ymax>569</ymax>
    </bndbox>
  </object>
</annotation>
