<?xml version='1.0' encoding='UTF-8'?>
<annotation>
  <filename>00875-90_263-221&amp;525_395&amp;571-395&amp;571_226&amp;570_221&amp;525_394&amp;526-0_0_3_24_32_32_25_29-191-64.jpg</filename>
  <object_num>1</object_num>
  <size>
    <width>720</width>
    <height>1160</height>
  </size>
  <object>
    <name>greed_plate</name>
    <difficult>0</difficult>
    <bndbox>
      <xmin>212</xmin>
      <ymin>508</ymin>
      <xmax>398</xmax>
      <ymax>577</ymax>
    </bndbox>
  </object>
</annotation>
