<?xml version='1.0' encoding='UTF-8'?>
<annotation>
  <filename>0088912835249-90_90-302&amp;515_481&amp;585-484&amp;568_322&amp;575_320&amp;519_482&amp;512-0_0_2_16_31_31_30-128-39.jpg</filename>
  <object_num>1</object_num>
  <size>
    <width>720</width>
    <height>1160</height>
  </size>
  <object>
    <name>blue_plate</name>
    <difficult>0</difficult>
    <bndbox>
      <xmin>309</xmin>
      <ymin>507</ymin>
      <xmax>481</xmax>
      <ymax>575</ymax>
    </bndbox>
  </object>
</annotation>
