<?xml version='1.0' encoding='UTF-8'?>
<annotation>
  <filename>0088912835249-88_90-270&amp;384_432&amp;448-440&amp;440_281&amp;450_280&amp;394_439&amp;384-0_0_3_8_27_32_29-114-27.jpg</filename>
  <object_num>1</object_num>
  <size>
    <width>720</width>
    <height>1160</height>
  </size>
  <object>
    <name>blue_plate</name>
    <difficult>0</difficult>
    <bndbox>
      <xmin>267</xmin>
      <ymin>380</ymin>
      <xmax>438</xmax>
      <ymax>447</ymax>
    </bndbox>
  </object>
</annotation>
