<?xml version='1.0' encoding='UTF-8'?>
<annotation>
  <filename>0088122605364-90_89-254&amp;544_427&amp;606-433&amp;605_250&amp;606_250&amp;540_433&amp;539-0_0_15_26_29_30_25-153-59.jpg</filename>
  <object_num>1</object_num>
  <size>
    <width>720</width>
    <height>1160</height>
  </size>
  <object>
    <name>blue_plate</name>
    <difficult>0</difficult>
    <bndbox>
      <xmin>235</xmin>
      <ymin>531</ymin>
      <xmax>429</xmax>
      <ymax>613</ymax>
    </bndbox>
  </object>
</annotation>
