<?xml version='1.0' encoding='UTF-8'?>
<annotation>
  <filename>0088900862069-89_91-391&amp;305_567&amp;360-561&amp;359_385&amp;368_393&amp;307_569&amp;298-0_0_6_21_24_29_32-119-38.jpg</filename>
  <object_num>1</object_num>
  <size>
    <width>720</width>
    <height>1160</height>
  </size>
  <object>
    <name>blue_plate</name>
    <difficult>0</difficult>
    <bndbox>
      <xmin>376</xmin>
      <ymin>294</ymin>
      <xmax>565</xmax>
      <ymax>364</ymax>
    </bndbox>
  </object>
</annotation>
