<?xml version='1.0' encoding='UTF-8'?>
<annotation>
  <filename>0088900862069-91_86-356&amp;482_536&amp;540-541&amp;537_351&amp;543_342&amp;480_532&amp;474-0_0_0_29_29_25_0-115-16.jpg</filename>
  <object_num>1</object_num>
  <size>
    <width>720</width>
    <height>1160</height>
  </size>
  <object>
    <name>blue_plate</name>
    <difficult>0</difficult>
    <bndbox>
      <xmin>335</xmin>
      <ymin>471</ymin>
      <xmax>542</xmax>
      <ymax>538</ymax>
    </bndbox>
  </object>
</annotation>
