<?xml version='1.0' encoding='UTF-8'?>
<annotation>
  <filename>009061302682-90_94-295&amp;437_478&amp;506-488&amp;502_293&amp;507_292&amp;445_487&amp;440-0_0_17_1_27_28_29-89-28.jpg</filename>
  <object_num>1</object_num>
  <size>
    <width>720</width>
    <height>1160</height>
  </size>
  <object>
    <name>blue_plate</name>
    <difficult>0</difficult>
    <bndbox>
      <xmin>285</xmin>
      <ymin>436</ymin>
      <xmax>489</xmax>
      <ymax>509</ymax>
    </bndbox>
  </object>
</annotation>
