<?xml version='1.0' encoding='UTF-8'?>
<annotation>
  <filename>0092816091954-91_90-433&amp;575_603&amp;645-601&amp;636_448&amp;626_452&amp;571_605&amp;581-0_0_13_2_33_26_24-92-15.jpg</filename>
  <object_num>1</object_num>
  <size>
    <width>720</width>
    <height>1160</height>
  </size>
  <object>
    <name>blue_plate</name>
    <difficult>0</difficult>
    <bndbox>
      <xmin>437</xmin>
      <ymin>566</ymin>
      <xmax>603</xmax>
      <ymax>638</ymax>
    </bndbox>
  </object>
</annotation>
