<?xml version='1.0' encoding='UTF-8'?>
<annotation>
  <filename>009219348659-90_80-197&amp;503_385&amp;565-381&amp;567_207&amp;558_195&amp;493_369&amp;502-0_0_1_25_25_27_4-89-14.jpg</filename>
  <object_num>1</object_num>
  <size>
    <width>720</width>
    <height>1160</height>
  </size>
  <object>
    <name>blue_plate</name>
    <difficult>0</difficult>
    <bndbox>
      <xmin>188</xmin>
      <ymin>488</ymin>
      <xmax>378</xmax>
      <ymax>561</ymax>
    </bndbox>
  </object>
</annotation>
