<?xml version='1.0' encoding='UTF-8'?>
<annotation>
  <filename>0092816091954-94_88-267&amp;497_418&amp;562-419&amp;559_279&amp;546_280&amp;498_420&amp;511-0_0_31_29_2_2_31-125-36.jpg</filename>
  <object_num>1</object_num>
  <size>
    <width>720</width>
    <height>1160</height>
  </size>
  <object>
    <name>blue_plate</name>
    <difficult>0</difficult>
    <bndbox>
      <xmin>264</xmin>
      <ymin>491</ymin>
      <xmax>425</xmax>
      <ymax>559</ymax>
    </bndbox>
  </object>
</annotation>
