<?xml version='1.0' encoding='UTF-8'?>
<annotation>
  <filename>0093283045977-90_90-282&amp;350_459&amp;408-452&amp;404_282&amp;406_280&amp;349_450&amp;347-0_0_10_29_23_29_25-98-35.jpg</filename>
  <object_num>1</object_num>
  <size>
    <width>720</width>
    <height>1160</height>
  </size>
  <object>
    <name>blue_plate</name>
    <difficult>0</difficult>
    <bndbox>
      <xmin>272</xmin>
      <ymin>340</ymin>
      <xmax>451</xmax>
      <ymax>408</ymax>
    </bndbox>
  </object>
</annotation>
