<?xml version='1.0' encoding='UTF-8'?>
<annotation>
  <filename>0093283045977-90_89-256&amp;305_431&amp;377-435&amp;379_265&amp;366_258&amp;305_428&amp;318-0_0_21_24_9_25_32-100-16.jpg</filename>
  <object_num>1</object_num>
  <size>
    <width>720</width>
    <height>1160</height>
  </size>
  <object>
    <name>blue_plate</name>
    <difficult>0</difficult>
    <bndbox>
      <xmin>249</xmin>
      <ymin>303</ymin>
      <xmax>432</xmax>
      <ymax>373</ymax>
    </bndbox>
  </object>
</annotation>
