<?xml version='1.0' encoding='UTF-8'?>
<annotation>
  <filename>009375-86_267-103&amp;515_248&amp;574-248&amp;562_108&amp;574_103&amp;526_245&amp;515-0_0_3_32_29_30_29_32-102-134.jpg</filename>
  <object_num>1</object_num>
  <size>
    <width>720</width>
    <height>1160</height>
  </size>
  <object>
    <name>greed_plate</name>
    <difficult>0</difficult>
    <bndbox>
      <xmin>97</xmin>
      <ymin>512</ymin>
      <xmax>250</xmax>
      <ymax>574</ymax>
    </bndbox>
  </object>
</annotation>
