<?xml version='1.0' encoding='UTF-8'?>
<annotation>
  <filename>0093283045977-87_91-295&amp;357_466&amp;420-469&amp;406_298&amp;426_294&amp;365_465&amp;345-0_0_26_17_32_26_26-171-21.jpg</filename>
  <object_num>1</object_num>
  <size>
    <width>720</width>
    <height>1160</height>
  </size>
  <object>
    <name>blue_plate</name>
    <difficult>0</difficult>
    <bndbox>
      <xmin>282</xmin>
      <ymin>347</ymin>
      <xmax>469</xmax>
      <ymax>418</ymax>
    </bndbox>
  </object>
</annotation>
