<?xml version='1.0' encoding='UTF-8'?>
<annotation>
  <filename>0098275862069-90_90-379&amp;304_568&amp;359-569&amp;358_377&amp;367_378&amp;304_570&amp;295-0_0_15_24_25_26_22-151-12.jpg</filename>
  <object_num>1</object_num>
  <size>
    <width>720</width>
    <height>1160</height>
  </size>
  <object>
    <name>blue_plate</name>
    <difficult>0</difficult>
    <bndbox>
      <xmin>357</xmin>
      <ymin>292</ymin>
      <xmax>584</xmax>
      <ymax>362</ymax>
    </bndbox>
  </object>
</annotation>
