<?xml version='1.0' encoding='UTF-8'?>
<annotation>
  <filename>0098275862069-90_90-289&amp;489_464&amp;554-473&amp;554_295&amp;552_298&amp;489_476&amp;491-0_14_20_8_30_30_33-133-21.jpg</filename>
  <object_num>1</object_num>
  <size>
    <width>720</width>
    <height>1160</height>
  </size>
  <object>
    <name>blue_plate</name>
    <difficult>0</difficult>
    <bndbox>
      <xmin>288</xmin>
      <ymin>481</ymin>
      <xmax>470</xmax>
      <ymax>555</ymax>
    </bndbox>
  </object>
</annotation>
