<?xml version='1.0' encoding='UTF-8'?>
<annotation>
  <filename>0099533045977-90_87-205&amp;472_380&amp;546-391&amp;534_209&amp;542_206&amp;477_388&amp;469-0_0_16_32_28_30_24-133-24.jpg</filename>
  <object_num>1</object_num>
  <size>
    <width>720</width>
    <height>1160</height>
  </size>
  <object>
    <name>blue_plate</name>
    <difficult>0</difficult>
    <bndbox>
      <xmin>193</xmin>
      <ymin>467</ymin>
      <xmax>386</xmax>
      <ymax>540</ymax>
    </bndbox>
  </object>
</annotation>
