<?xml version='1.0' encoding='UTF-8'?>
<annotation>
  <filename>0099066091954-90_86-247&amp;460_457&amp;521-459&amp;520_241&amp;521_235&amp;451_453&amp;450-0_0_24_23_29_30_29-58-37.jpg</filename>
  <object_num>1</object_num>
  <size>
    <width>720</width>
    <height>1160</height>
  </size>
  <object>
    <name>blue_plate</name>
    <difficult>0</difficult>
    <bndbox>
      <xmin>226</xmin>
      <ymin>443</ymin>
      <xmax>448</xmax>
      <ymax>519</ymax>
    </bndbox>
  </object>
</annotation>
