<?xml version='1.0' encoding='UTF-8'?>
<annotation>
  <filename>0099377394636-90_89-331&amp;444_518&amp;503-521&amp;509_336&amp;505_335&amp;434_520&amp;438-0_0_10_33_24_25_20-128-34.jpg</filename>
  <object_num>1</object_num>
  <size>
    <width>720</width>
    <height>1160</height>
  </size>
  <object>
    <name>blue_plate</name>
    <difficult>0</difficult>
    <bndbox>
      <xmin>324</xmin>
      <ymin>426</ymin>
      <xmax>513</xmax>
      <ymax>506</ymax>
    </bndbox>
  </object>
</annotation>
