<?xml version='1.0' encoding='UTF-8'?>
<annotation>
  <filename>0099377394636-91_88-424&amp;438_607&amp;490-614&amp;494_426&amp;498_425&amp;435_613&amp;431-0_12_6_24_24_33_21-137-13.jpg</filename>
  <object_num>1</object_num>
  <size>
    <width>720</width>
    <height>1160</height>
  </size>
  <object>
    <name>blue_plate</name>
    <difficult>0</difficult>
    <bndbox>
      <xmin>414</xmin>
      <ymin>426</ymin>
      <xmax>610</xmax>
      <ymax>497</ymax>
    </bndbox>
  </object>
</annotation>
