<?xml version='1.0' encoding='UTF-8'?>
<annotation>
  <filename>0100263409962-89_92-287&amp;509_458&amp;566-465&amp;565_289&amp;568_290&amp;507_466&amp;504-0_0_21_18_30_28_28-139-21.jpg</filename>
  <object_num>1</object_num>
  <size>
    <width>720</width>
    <height>1160</height>
  </size>
  <object>
    <name>blue_plate</name>
    <difficult>0</difficult>
    <bndbox>
      <xmin>278</xmin>
      <ymin>497</ymin>
      <xmax>466</xmax>
      <ymax>576</ymax>
    </bndbox>
  </object>
</annotation>
