<?xml version='1.0' encoding='UTF-8'?>
<annotation>
  <filename>0100730363985-90_86-315&amp;481_511&amp;542-517&amp;538_316&amp;542_313&amp;476_514&amp;472-0_0_16_29_31_26_0-92-23.jpg</filename>
  <object_num>1</object_num>
  <size>
    <width>720</width>
    <height>1160</height>
  </size>
  <object>
    <name>blue_plate</name>
    <difficult>0</difficult>
    <bndbox>
      <xmin>305</xmin>
      <ymin>465</ymin>
      <xmax>514</xmax>
      <ymax>541</ymax>
    </bndbox>
  </object>
</annotation>
