<?xml version='1.0' encoding='UTF-8'?>
<annotation>
  <filename>0100754310345-89_88-317&amp;385_481&amp;441-478&amp;444_321&amp;444_322&amp;383_479&amp;383-0_0_31_24_18_33_29-131-31.jpg</filename>
  <object_num>1</object_num>
  <size>
    <width>720</width>
    <height>1160</height>
  </size>
  <object>
    <name>blue_plate</name>
    <difficult>0</difficult>
    <bndbox>
      <xmin>310</xmin>
      <ymin>374</ymin>
      <xmax>474</xmax>
      <ymax>448</ymax>
    </bndbox>
  </object>
</annotation>
