<?xml version='1.0' encoding='UTF-8'?>
<annotation>
  <filename>0100143678161-88_91-218&amp;462_398&amp;523-395&amp;512_222&amp;523_224&amp;466_397&amp;455-0_0_22_29_2_32_32-26-19.jpg</filename>
  <object_num>1</object_num>
  <size>
    <width>720</width>
    <height>1160</height>
  </size>
  <object>
    <name>blue_plate</name>
    <difficult>0</difficult>
    <bndbox>
      <xmin>213</xmin>
      <ymin>451</ymin>
      <xmax>389</xmax>
      <ymax>522</ymax>
    </bndbox>
  </object>
</annotation>
