<?xml version='1.0' encoding='UTF-8'?>
<annotation>
  <filename>0100862068966-91_88-176&amp;479_355&amp;535-356&amp;536_184&amp;534_187&amp;476_359&amp;478-0_0_33_16_25_29_29-118-14.jpg</filename>
  <object_num>1</object_num>
  <size>
    <width>720</width>
    <height>1160</height>
  </size>
  <object>
    <name>blue_plate</name>
    <difficult>0</difficult>
    <bndbox>
      <xmin>176</xmin>
      <ymin>469</ymin>
      <xmax>354</xmax>
      <ymax>534</ymax>
    </bndbox>
  </object>
</annotation>
