<?xml version='1.0' encoding='UTF-8'?>
<annotation>
  <filename>0100909961686-90_87-284&amp;507_467&amp;563-472&amp;573_291&amp;569_287&amp;505_468&amp;509-0_0_21_18_32_27_25-103-13.jpg</filename>
  <object_num>1</object_num>
  <size>
    <width>720</width>
    <height>1160</height>
  </size>
  <object>
    <name>blue_plate</name>
    <difficult>0</difficult>
    <bndbox>
      <xmin>266</xmin>
      <ymin>498</ymin>
      <xmax>475</xmax>
      <ymax>576</ymax>
    </bndbox>
  </object>
</annotation>
