<?xml version='1.0' encoding='UTF-8'?>
<annotation>
  <filename>0100909961686-90_88-303&amp;490_495&amp;557-504&amp;554_309&amp;555_309&amp;491_504&amp;490-0_0_0_27_33_26_10-185-18.jpg</filename>
  <object_num>1</object_num>
  <size>
    <width>720</width>
    <height>1160</height>
  </size>
  <object>
    <name>blue_plate</name>
    <difficult>0</difficult>
    <bndbox>
      <xmin>298</xmin>
      <ymin>481</ymin>
      <xmax>500</xmax>
      <ymax>557</ymax>
    </bndbox>
  </object>
</annotation>
