<?xml version='1.0' encoding='UTF-8'?>
<annotation>
  <filename>0100263409962-89_91-308&amp;457_484&amp;526-483&amp;526_305&amp;523_306&amp;460_484&amp;463-0_0_12_27_26_24_17-125-14.jpg</filename>
  <object_num>1</object_num>
  <size>
    <width>720</width>
    <height>1160</height>
  </size>
  <object>
    <name>blue_plate</name>
    <difficult>0</difficult>
    <bndbox>
      <xmin>291</xmin>
      <ymin>453</ymin>
      <xmax>483</xmax>
      <ymax>527</ymax>
    </bndbox>
  </object>
</annotation>
