<?xml version='1.0' encoding='UTF-8'?>
<annotation>
  <filename>0100215517241-89_89-277&amp;480_452&amp;540-457&amp;540_272&amp;552_271&amp;485_456&amp;473-0_0_5_26_31_32_6-127-13.jpg</filename>
  <object_num>1</object_num>
  <size>
    <width>720</width>
    <height>1160</height>
  </size>
  <object>
    <name>blue_plate</name>
    <difficult>0</difficult>
    <bndbox>
      <xmin>254</xmin>
      <ymin>469</ymin>
      <xmax>455</xmax>
      <ymax>552</ymax>
    </bndbox>
  </object>
</annotation>
