<?xml version='1.0' encoding='UTF-8'?>
<annotation>
  <filename>0100862068966-90_93-471&amp;303_644&amp;359-647&amp;361_469&amp;363_476&amp;303_654&amp;301-0_0_33_30_18_26_32-104-12.jpg</filename>
  <object_num>1</object_num>
  <size>
    <width>720</width>
    <height>1160</height>
  </size>
  <object>
    <name>blue_plate</name>
    <difficult>0</difficult>
    <bndbox>
      <xmin>462</xmin>
      <ymin>293</ymin>
      <xmax>648</xmax>
      <ymax>365</ymax>
    </bndbox>
  </object>
</annotation>
