<?xml version='1.0' encoding='UTF-8'?>
<annotation>
  <filename>0100754310345-90_94-224&amp;509_403&amp;577-401&amp;579_224&amp;578_227&amp;510_404&amp;511-0_0_24_7_29_33_33-166-20.jpg</filename>
  <object_num>1</object_num>
  <size>
    <width>720</width>
    <height>1160</height>
  </size>
  <object>
    <name>blue_plate</name>
    <difficult>0</difficult>
    <bndbox>
      <xmin>208</xmin>
      <ymin>500</ymin>
      <xmax>407</xmax>
      <ymax>577</ymax>
    </bndbox>
  </object>
</annotation>
