<?xml version='1.0' encoding='UTF-8'?>
<annotation>
  <filename>0100263409962-90_90-234&amp;509_408&amp;578-411&amp;577_235&amp;569_239&amp;508_415&amp;516-0_0_15_15_32_27_31-105-10.jpg</filename>
  <object_num>1</object_num>
  <size>
    <width>720</width>
    <height>1160</height>
  </size>
  <object>
    <name>blue_plate</name>
    <difficult>0</difficult>
    <bndbox>
      <xmin>225</xmin>
      <ymin>501</ymin>
      <xmax>412</xmax>
      <ymax>578</ymax>
    </bndbox>
  </object>
</annotation>
