<?xml version='1.0' encoding='UTF-8'?>
<annotation>
  <filename>0100167624521-90_90-280&amp;493_475&amp;563-477&amp;562_286&amp;556_291&amp;488_482&amp;494-0_0_27_24_7_32_29-163-8.jpg</filename>
  <object_num>1</object_num>
  <size>
    <width>720</width>
    <height>1160</height>
  </size>
  <object>
    <name>blue_plate</name>
    <difficult>0</difficult>
    <bndbox>
      <xmin>271</xmin>
      <ymin>485</ymin>
      <xmax>478</xmax>
      <ymax>562</ymax>
    </bndbox>
  </object>
</annotation>
