<?xml version='1.0' encoding='UTF-8'?>
<annotation>
  <filename>0100095785441-90_89-354&amp;479_560&amp;544-557&amp;538_362&amp;533_355&amp;467_550&amp;472-0_0_30_13_30_31_31-101-16.jpg</filename>
  <object_num>1</object_num>
  <size>
    <width>720</width>
    <height>1160</height>
  </size>
  <object>
    <name>blue_plate</name>
    <difficult>0</difficult>
    <bndbox>
      <xmin>347</xmin>
      <ymin>457</ymin>
      <xmax>558</xmax>
      <ymax>535</ymax>
    </bndbox>
  </object>
</annotation>
