<?xml version='1.0' encoding='UTF-8'?>
<annotation>
  <filename>0100323275862-89_91-256&amp;520_436&amp;586-436&amp;581_255&amp;582_259&amp;524_440&amp;523-0_0_21_8_30_25_28-85-28.jpg</filename>
  <object_num>1</object_num>
  <size>
    <width>720</width>
    <height>1160</height>
  </size>
  <object>
    <name>blue_plate</name>
    <difficult>0</difficult>
    <bndbox>
      <xmin>247</xmin>
      <ymin>512</ymin>
      <xmax>436</xmax>
      <ymax>584</ymax>
    </bndbox>
  </object>
</annotation>
