<?xml version='1.0' encoding='UTF-8'?>
<annotation>
  <filename>0100215517241-90_91-308&amp;358_491&amp;420-484&amp;420_304&amp;415_304&amp;355_484&amp;360-0_0_10_22_26_24_24-91-8.jpg</filename>
  <object_num>1</object_num>
  <size>
    <width>720</width>
    <height>1160</height>
  </size>
  <object>
    <name>blue_plate</name>
    <difficult>0</difficult>
    <bndbox>
      <xmin>291</xmin>
      <ymin>348</ymin>
      <xmax>486</xmax>
      <ymax>420</ymax>
    </bndbox>
  </object>
</annotation>
