<?xml version='1.0' encoding='UTF-8'?>
<annotation>
  <filename>0100790229885-90_93-296&amp;499_508&amp;560-498&amp;565_280&amp;565_291&amp;487_509&amp;487-0_0_20_30_31_31_23-172-29.jpg</filename>
  <object_num>1</object_num>
  <size>
    <width>720</width>
    <height>1160</height>
  </size>
  <object>
    <name>blue_plate</name>
    <difficult>0</difficult>
    <bndbox>
      <xmin>260</xmin>
      <ymin>480</ymin>
      <xmax>503</xmax>
      <ymax>558</ymax>
    </bndbox>
  </object>
</annotation>
