<?xml version='1.0' encoding='UTF-8'?>
<annotation>
  <filename>0100095785441-92_88-329&amp;491_494&amp;559-493&amp;564_326&amp;553_325&amp;488_492&amp;499-0_0_33_15_32_30_31-149-25.jpg</filename>
  <object_num>1</object_num>
  <size>
    <width>720</width>
    <height>1160</height>
  </size>
  <object>
    <name>blue_plate</name>
    <difficult>0</difficult>
    <bndbox>
      <xmin>315</xmin>
      <ymin>487</ymin>
      <xmax>495</xmax>
      <ymax>559</ymax>
    </bndbox>
  </object>
</annotation>
