<?xml version='1.0' encoding='UTF-8'?>
<annotation>
  <filename>0100862068966-92_81-268&amp;447_442&amp;523-446&amp;534_265&amp;508_260&amp;444_441&amp;470-0_0_6_25_26_33_3-152-36.jpg</filename>
  <object_num>1</object_num>
  <size>
    <width>720</width>
    <height>1160</height>
  </size>
  <object>
    <name>blue_plate</name>
    <difficult>0</difficult>
    <bndbox>
      <xmin>256</xmin>
      <ymin>447</ymin>
      <xmax>441</xmax>
      <ymax>526</ymax>
    </bndbox>
  </object>
</annotation>
