<?xml version='1.0' encoding='UTF-8'?>
<annotation>
  <filename>0101915708812-92_88-210&amp;464_399&amp;543-407&amp;542_204&amp;530_198&amp;459_401&amp;471-0_0_23_19_25_32_26-158-15.jpg</filename>
  <object_num>1</object_num>
  <size>
    <width>720</width>
    <height>1160</height>
  </size>
  <object>
    <name>blue_plate</name>
    <difficult>0</difficult>
    <bndbox>
      <xmin>202</xmin>
      <ymin>455</ymin>
      <xmax>410</xmax>
      <ymax>543</ymax>
    </bndbox>
  </object>
</annotation>
