<?xml version='1.0' encoding='UTF-8'?>
<annotation>
  <filename>0101484674329-90_89-344&amp;359_517&amp;422-521&amp;428_345&amp;419_349&amp;358_525&amp;367-0_0_24_26_22_26_25-99-22.jpg</filename>
  <object_num>1</object_num>
  <size>
    <width>720</width>
    <height>1160</height>
  </size>
  <object>
    <name>blue_plate</name>
    <difficult>0</difficult>
    <bndbox>
      <xmin>333</xmin>
      <ymin>351</ymin>
      <xmax>521</xmax>
      <ymax>428</ymax>
    </bndbox>
  </object>
</annotation>
