<?xml version='1.0' encoding='UTF-8'?>
<annotation>
  <filename>010153256705-91_88-267&amp;486_439&amp;549-437&amp;551_264&amp;537_268&amp;480_441&amp;494-0_2_21_27_24_30_22-95-7.jpg</filename>
  <object_num>1</object_num>
  <size>
    <width>720</width>
    <height>1160</height>
  </size>
  <object>
    <name>blue_plate</name>
    <difficult>0</difficult>
    <bndbox>
      <xmin>252</xmin>
      <ymin>478</ymin>
      <xmax>443</xmax>
      <ymax>551</ymax>
    </bndbox>
  </object>
</annotation>
