<?xml version='1.0' encoding='UTF-8'?>
<annotation>
  <filename>0101484674329-90_89-453&amp;301_632&amp;364-631&amp;363_461&amp;360_459&amp;295_629&amp;298-0_0_4_25_4_30_32-120-22.jpg</filename>
  <object_num>1</object_num>
  <size>
    <width>720</width>
    <height>1160</height>
  </size>
  <object>
    <name>blue_plate</name>
    <difficult>0</difficult>
    <bndbox>
      <xmin>447</xmin>
      <ymin>288</ymin>
      <xmax>623</xmax>
      <ymax>366</ymax>
    </bndbox>
  </object>
</annotation>
