<?xml version='1.0' encoding='UTF-8'?>
<annotation>
  <filename>0101484674329-92_89-257&amp;525_445&amp;582-442&amp;587_265&amp;577_268&amp;516_445&amp;526-10_0_13_28_32_0_32-114-42.jpg</filename>
  <object_num>1</object_num>
  <size>
    <width>720</width>
    <height>1160</height>
  </size>
  <object>
    <name>blue_plate</name>
    <difficult>0</difficult>
    <bndbox>
      <xmin>250</xmin>
      <ymin>512</ymin>
      <xmax>450</xmax>
      <ymax>586</ymax>
    </bndbox>
  </object>
</annotation>
