<?xml version='1.0' encoding='UTF-8'?>
<annotation>
  <filename>0101293103448-90_90-211&amp;422_406&amp;483-416&amp;483_210&amp;487_207&amp;417_413&amp;413-0_0_26_27_17_26_26-120-16.jpg</filename>
  <object_num>1</object_num>
  <size>
    <width>720</width>
    <height>1160</height>
  </size>
  <object>
    <name>blue_plate</name>
    <difficult>0</difficult>
    <bndbox>
      <xmin>196</xmin>
      <ymin>410</ymin>
      <xmax>412</xmax>
      <ymax>480</ymax>
    </bndbox>
  </object>
</annotation>
