<?xml version='1.0' encoding='UTF-8'?>
<annotation>
  <filename>0101688218391-89_92-311&amp;389_466&amp;453-471&amp;443_314&amp;459_315&amp;392_472&amp;376-0_0_1_33_32_33_9-155-15.jpg</filename>
  <object_num>1</object_num>
  <size>
    <width>720</width>
    <height>1160</height>
  </size>
  <object>
    <name>blue_plate</name>
    <difficult>0</difficult>
    <bndbox>
      <xmin>297</xmin>
      <ymin>379</ymin>
      <xmax>470</xmax>
      <ymax>456</ymax>
    </bndbox>
  </object>
</annotation>
