<?xml version='1.0' encoding='UTF-8'?>
<annotation>
  <filename>010153256705-89_88-234&amp;487_412&amp;545-418&amp;548_239&amp;550_238&amp;489_417&amp;487-0_3_22_0_33_25_25-107-11.jpg</filename>
  <object_num>1</object_num>
  <size>
    <width>720</width>
    <height>1160</height>
  </size>
  <object>
    <name>blue_plate</name>
    <difficult>0</difficult>
    <bndbox>
      <xmin>224</xmin>
      <ymin>482</ymin>
      <xmax>417</xmax>
      <ymax>548</ymax>
    </bndbox>
  </object>
</annotation>
