<?xml version='1.0' encoding='UTF-8'?>
<annotation>
  <filename>0101245210728-90_90-234&amp;473_430&amp;538-425&amp;536_232&amp;544_233&amp;475_426&amp;467-0_0_6_33_24_27_24-154-29.jpg</filename>
  <object_num>1</object_num>
  <size>
    <width>720</width>
    <height>1160</height>
  </size>
  <object>
    <name>blue_plate</name>
    <difficult>0</difficult>
    <bndbox>
      <xmin>214</xmin>
      <ymin>462</ymin>
      <xmax>426</xmax>
      <ymax>546</ymax>
    </bndbox>
  </object>
</annotation>
