<?xml version='1.0' encoding='UTF-8'?>
<annotation>
  <filename>0101939655172-99_80-362&amp;436_510&amp;515-513&amp;512_377&amp;490_372&amp;433_508&amp;455-0_0_20_25_3_25_27-77-29.jpg</filename>
  <object_num>1</object_num>
  <size>
    <width>720</width>
    <height>1160</height>
  </size>
  <object>
    <name>blue_plate</name>
    <difficult>0</difficult>
    <bndbox>
      <xmin>369</xmin>
      <ymin>437</ymin>
      <xmax>513</xmax>
      <ymax>510</ymax>
    </bndbox>
  </object>
</annotation>
