<?xml version='1.0' encoding='UTF-8'?>
<annotation>
  <filename>0101412835249-90_87-283&amp;508_462&amp;586-457&amp;579_290&amp;574_284&amp;510_451&amp;515-0_0_28_25_24_25_30-67-18.jpg</filename>
  <object_num>1</object_num>
  <size>
    <width>720</width>
    <height>1160</height>
  </size>
  <object>
    <name>blue_plate</name>
    <difficult>0</difficult>
    <bndbox>
      <xmin>279</xmin>
      <ymin>504</ymin>
      <xmax>456</xmax>
      <ymax>578</ymax>
    </bndbox>
  </object>
</annotation>
