<?xml version='1.0' encoding='UTF-8'?>
<annotation>
  <filename>0101149425287-90_86-186&amp;508_373&amp;575-376&amp;572_185&amp;572_173&amp;504_364&amp;504-0_0_32_7_30_26_32-100-11.jpg</filename>
  <object_num>1</object_num>
  <size>
    <width>720</width>
    <height>1160</height>
  </size>
  <object>
    <name>blue_plate</name>
    <difficult>0</difficult>
    <bndbox>
      <xmin>166</xmin>
      <ymin>495</ymin>
      <xmax>372</xmax>
      <ymax>573</ymax>
    </bndbox>
  </object>
</annotation>
