<?xml version='1.0' encoding='UTF-8'?>
<annotation>
  <filename>0101975574713-90_92-227&amp;565_420&amp;624-428&amp;624_230&amp;629_230&amp;558_428&amp;553-0_0_16_33_33_29_5-123-9.jpg</filename>
  <object_num>1</object_num>
  <size>
    <width>720</width>
    <height>1160</height>
  </size>
  <object>
    <name>blue_plate</name>
    <difficult>0</difficult>
    <bndbox>
      <xmin>212</xmin>
      <ymin>546</ymin>
      <xmax>430</xmax>
      <ymax>632</ymax>
    </bndbox>
  </object>
</annotation>
