<?xml version='1.0' encoding='UTF-8'?>
<annotation>
  <filename>0102083333333-90_89-296&amp;421_499&amp;487-498&amp;491_289&amp;492_286&amp;426_495&amp;425-0_0_10_24_15_26_32-124-17.jpg</filename>
  <object_num>1</object_num>
  <size>
    <width>720</width>
    <height>1160</height>
  </size>
  <object>
    <name>blue_plate</name>
    <difficult>0</difficult>
    <bndbox>
      <xmin>277</xmin>
      <ymin>416</ymin>
      <xmax>494</xmax>
      <ymax>491</ymax>
    </bndbox>
  </object>
</annotation>
