<?xml version='1.0' encoding='UTF-8'?>
<annotation>
  <filename>0102729885057-89_89-305&amp;652_478&amp;724-479&amp;721_302&amp;728_311&amp;657_488&amp;650-0_0_8_25_24_25_12-117-21.jpg</filename>
  <object_num>1</object_num>
  <size>
    <width>720</width>
    <height>1160</height>
  </size>
  <object>
    <name>blue_plate</name>
    <difficult>0</difficult>
    <bndbox>
      <xmin>287</xmin>
      <ymin>648</ymin>
      <xmax>480</xmax>
      <ymax>723</ymax>
    </bndbox>
  </object>
</annotation>
