<?xml version='1.0' encoding='UTF-8'?>
<annotation>
  <filename>0102729885057-92_78-155&amp;443_330&amp;510-341&amp;514_155&amp;504_147&amp;438_333&amp;448-0_0_33_33_1_31_29-117-18.jpg</filename>
  <object_num>1</object_num>
  <size>
    <width>720</width>
    <height>1160</height>
  </size>
  <object>
    <name>blue_plate</name>
    <difficult>0</difficult>
    <bndbox>
      <xmin>143</xmin>
      <ymin>431</ymin>
      <xmax>341</xmax>
      <ymax>520</ymax>
    </bndbox>
  </object>
</annotation>
