<?xml version='1.0' encoding='UTF-8'?>
<annotation>
  <filename>0102729885057-92_87-370&amp;562_548&amp;623-551&amp;630_367&amp;618_373&amp;556_557&amp;568-0_0_24_29_7_24_24-28-11.jpg</filename>
  <object_num>1</object_num>
  <size>
    <width>720</width>
    <height>1160</height>
  </size>
  <object>
    <name>blue_plate</name>
    <difficult>0</difficult>
    <bndbox>
      <xmin>360</xmin>
      <ymin>553</ymin>
      <xmax>551</xmax>
      <ymax>630</ymax>
    </bndbox>
  </object>
</annotation>
