<?xml version='1.0' encoding='UTF-8'?>
<annotation>
  <filename>0102993295019-90_90-247&amp;539_456&amp;604-459&amp;600_237&amp;603_233&amp;533_455&amp;530-0_0_11_5_27_25_31-173-20.jpg</filename>
  <object_num>1</object_num>
  <size>
    <width>720</width>
    <height>1160</height>
  </size>
  <object>
    <name>blue_plate</name>
    <difficult>0</difficult>
    <bndbox>
      <xmin>224</xmin>
      <ymin>521</ymin>
      <xmax>454</xmax>
      <ymax>601</ymax>
    </bndbox>
  </object>
</annotation>
