<?xml version='1.0' encoding='UTF-8'?>
<annotation>
  <filename>0102586206897-91_87-297&amp;507_485&amp;580-488&amp;583_290&amp;576_294&amp;502_492&amp;509-0_0_9_33_31_31_18-30-12.jpg</filename>
  <object_num>1</object_num>
  <size>
    <width>720</width>
    <height>1160</height>
  </size>
  <object>
    <name>blue_plate</name>
    <difficult>0</difficult>
    <bndbox>
      <xmin>284</xmin>
      <ymin>500</ymin>
      <xmax>491</xmax>
      <ymax>587</ymax>
    </bndbox>
  </object>
</annotation>
