<?xml version='1.0' encoding='UTF-8'?>
<annotation>
  <filename>0102729885057-90_89-232&amp;527_409&amp;600-415&amp;596_236&amp;591_229&amp;531_408&amp;536-0_0_21_33_6_32_32-102-31.jpg</filename>
  <object_num>1</object_num>
  <size>
    <width>720</width>
    <height>1160</height>
  </size>
  <object>
    <name>blue_plate</name>
    <difficult>0</difficult>
    <bndbox>
      <xmin>224</xmin>
      <ymin>524</ymin>
      <xmax>412</xmax>
      <ymax>600</ymax>
    </bndbox>
  </object>
</annotation>
