<?xml version='1.0' encoding='UTF-8'?>
<annotation>
  <filename>0102155172414-92_87-201&amp;506_377&amp;581-377&amp;578_214&amp;569_213&amp;511_376&amp;520-0_0_10_27_27_28_16-137-10.jpg</filename>
  <object_num>1</object_num>
  <size>
    <width>720</width>
    <height>1160</height>
  </size>
  <object>
    <name>blue_plate</name>
    <difficult>0</difficult>
    <bndbox>
      <xmin>203</xmin>
      <ymin>507</ymin>
      <xmax>377</xmax>
      <ymax>578</ymax>
    </bndbox>
  </object>
</annotation>
