<?xml version='1.0' encoding='UTF-8'?>
<annotation>
  <filename>0102442528736-91_87-226&amp;423_419&amp;484-423&amp;489_224&amp;485_219&amp;424_418&amp;428-0_16_18_5_32_33_33-113-50.jpg</filename>
  <object_num>1</object_num>
  <size>
    <width>720</width>
    <height>1160</height>
  </size>
  <object>
    <name>blue_plate</name>
    <difficult>0</difficult>
    <bndbox>
      <xmin>214</xmin>
      <ymin>418</ymin>
      <xmax>417</xmax>
      <ymax>488</ymax>
    </bndbox>
  </object>
</annotation>
