<?xml version='1.0' encoding='UTF-8'?>
<annotation>
  <filename>0102586206897-90_84-317&amp;544_539&amp;610-543&amp;615_316&amp;599_308&amp;533_535&amp;549-12_13_1_6_26_24_25-132-43.jpg</filename>
  <object_num>1</object_num>
  <size>
    <width>720</width>
    <height>1160</height>
  </size>
  <object>
    <name>blue_plate</name>
    <difficult>0</difficult>
    <bndbox>
      <xmin>296</xmin>
      <ymin>529</ymin>
      <xmax>538</xmax>
      <ymax>611</ymax>
    </bndbox>
  </object>
</annotation>
