<?xml version='1.0' encoding='UTF-8'?>
<annotation>
  <filename>0102729885057-91_86-268&amp;487_454&amp;558-455&amp;558_266&amp;555_269&amp;486_458&amp;489-0_0_17_33_31_31_2-110-14.jpg</filename>
  <object_num>1</object_num>
  <size>
    <width>720</width>
    <height>1160</height>
  </size>
  <object>
    <name>blue_plate</name>
    <difficult>0</difficult>
    <bndbox>
      <xmin>256</xmin>
      <ymin>480</ymin>
      <xmax>455</xmax>
      <ymax>555</ymax>
    </bndbox>
  </object>
</annotation>
