<?xml version='1.0' encoding='UTF-8'?>
<annotation>
  <filename>0102909482759-90_88-262&amp;506_466&amp;570-473&amp;563_269&amp;565_259&amp;500_463&amp;498-0_0_9_30_0_24_32-115-34.jpg</filename>
  <object_num>1</object_num>
  <size>
    <width>720</width>
    <height>1160</height>
  </size>
  <object>
    <name>blue_plate</name>
    <difficult>0</difficult>
    <bndbox>
      <xmin>254</xmin>
      <ymin>486</ymin>
      <xmax>469</xmax>
      <ymax>567</ymax>
    </bndbox>
  </object>
</annotation>
