<?xml version='1.0' encoding='UTF-8'?>
<annotation>
  <filename>010319683908-90_87-317&amp;482_498&amp;543-500&amp;542_312&amp;539_310&amp;476_498&amp;479-0_0_31_30_30_16_28-146-21.jpg</filename>
  <object_num>1</object_num>
  <size>
    <width>720</width>
    <height>1160</height>
  </size>
  <object>
    <name>blue_plate</name>
    <difficult>0</difficult>
    <bndbox>
      <xmin>305</xmin>
      <ymin>470</ymin>
      <xmax>498</xmax>
      <ymax>543</ymax>
    </bndbox>
  </object>
</annotation>
