<?xml version='1.0' encoding='UTF-8'?>
<annotation>
  <filename>0103975095785-91_88-310&amp;495_484&amp;563-485&amp;560_313&amp;556_315&amp;498_487&amp;502-0_0_23_25_33_32_13-112-23.jpg</filename>
  <object_num>1</object_num>
  <size>
    <width>720</width>
    <height>1160</height>
  </size>
  <object>
    <name>blue_plate</name>
    <difficult>0</difficult>
    <bndbox>
      <xmin>303</xmin>
      <ymin>490</ymin>
      <xmax>484</xmax>
      <ymax>563</ymax>
    </bndbox>
  </object>
</annotation>
