<?xml version='1.0' encoding='UTF-8'?>
<annotation>
  <filename>0103807471264-90_86-225&amp;587_414&amp;662-418&amp;658_225&amp;654_221&amp;590_414&amp;594-0_0_26_9_24_32_25-87-53.jpg</filename>
  <object_num>1</object_num>
  <size>
    <width>720</width>
    <height>1160</height>
  </size>
  <object>
    <name>blue_plate</name>
    <difficult>0</difficult>
    <bndbox>
      <xmin>216</xmin>
      <ymin>584</ymin>
      <xmax>415</xmax>
      <ymax>659</ymax>
    </bndbox>
  </object>
</annotation>
