<?xml version='1.0' encoding='UTF-8'?>
<annotation>
  <filename>0103807471264-90_90-239&amp;526_426&amp;588-431&amp;592_240&amp;585_242&amp;524_433&amp;531-0_0_22_29_2_30_26-126-36.jpg</filename>
  <object_num>1</object_num>
  <size>
    <width>720</width>
    <height>1160</height>
  </size>
  <object>
    <name>blue_plate</name>
    <difficult>0</difficult>
    <bndbox>
      <xmin>227</xmin>
      <ymin>514</ymin>
      <xmax>433</xmax>
      <ymax>594</ymax>
    </bndbox>
  </object>
</annotation>
