<?xml version='1.0' encoding='UTF-8'?>
<annotation>
  <filename>0103256704981-90_87-200&amp;463_380&amp;529-377&amp;527_207&amp;529_206&amp;471_376&amp;469-0_0_21_32_0_24_24-80-88.jpg</filename>
  <object_num>1</object_num>
  <size>
    <width>720</width>
    <height>1160</height>
  </size>
  <object>
    <name>blue_plate</name>
    <difficult>0</difficult>
    <bndbox>
      <xmin>198</xmin>
      <ymin>464</ymin>
      <xmax>379</xmax>
      <ymax>530</ymax>
    </bndbox>
  </object>
</annotation>
