<?xml version='1.0' encoding='UTF-8'?>
<annotation>
  <filename>0103256704981-90_83-249&amp;543_461&amp;595-461&amp;605_240&amp;605_237&amp;539_458&amp;539-0_0_29_14_31_31_32-130-17.jpg</filename>
  <object_num>1</object_num>
  <size>
    <width>720</width>
    <height>1160</height>
  </size>
  <object>
    <name>blue_plate</name>
    <difficult>0</difficult>
    <bndbox>
      <xmin>225</xmin>
      <ymin>526</ymin>
      <xmax>462</xmax>
      <ymax>608</ymax>
    </bndbox>
  </object>
</annotation>
