<?xml version='1.0' encoding='UTF-8'?>
<annotation>
  <filename>0103388409962-89_90-219&amp;502_401&amp;570-420&amp;567_216&amp;583_214&amp;510_418&amp;494-0_0_26_1_30_33_30-129-28.jpg</filename>
  <object_num>1</object_num>
  <size>
    <width>720</width>
    <height>1160</height>
  </size>
  <object>
    <name>blue_plate</name>
    <difficult>0</difficult>
    <bndbox>
      <xmin>200</xmin>
      <ymin>498</ymin>
      <xmax>412</xmax>
      <ymax>578</ymax>
    </bndbox>
  </object>
</annotation>
