<?xml version='1.0' encoding='UTF-8'?>
<annotation>
  <filename>0103436302682-91_89-264&amp;439_445&amp;498-449&amp;499_270&amp;494_271&amp;435_450&amp;440-0_0_18_14_26_29_31-66-6.jpg</filename>
  <object_num>1</object_num>
  <size>
    <width>720</width>
    <height>1160</height>
  </size>
  <object>
    <name>blue_plate</name>
    <difficult>0</difficult>
    <bndbox>
      <xmin>244</xmin>
      <ymin>427</ymin>
      <xmax>460</xmax>
      <ymax>508</ymax>
    </bndbox>
  </object>
</annotation>
