<?xml version='1.0' encoding='UTF-8'?>
<annotation>
  <filename>010319683908-89_91-164&amp;463_353&amp;523-349&amp;513_168&amp;521_166&amp;461_347&amp;453-0_0_28_30_30_20_31-89-38.jpg</filename>
  <object_num>1</object_num>
  <size>
    <width>720</width>
    <height>1160</height>
  </size>
  <object>
    <name>blue_plate</name>
    <difficult>0</difficult>
    <bndbox>
      <xmin>156</xmin>
      <ymin>443</ymin>
      <xmax>349</xmax>
      <ymax>525</ymax>
    </bndbox>
  </object>
</annotation>
