<?xml version='1.0' encoding='UTF-8'?>
<annotation>
  <filename>0103544061303-90_90-223&amp;484_421&amp;544-429&amp;545_223&amp;548_219&amp;483_425&amp;480-0_0_26_10_24_27_30-127-36.jpg</filename>
  <object_num>1</object_num>
  <size>
    <width>720</width>
    <height>1160</height>
  </size>
  <object>
    <name>blue_plate</name>
    <difficult>0</difficult>
    <bndbox>
      <xmin>208</xmin>
      <ymin>472</ymin>
      <xmax>424</xmax>
      <ymax>546</ymax>
    </bndbox>
  </object>
</annotation>
