<?xml version='1.0' encoding='UTF-8'?>
<annotation>
  <filename>0103388409962-88_88-372&amp;450_544&amp;514-541&amp;505_383&amp;517_381&amp;462_539&amp;450-0_0_30_27_30_26_30-93-20.jpg</filename>
  <object_num>1</object_num>
  <size>
    <width>720</width>
    <height>1160</height>
  </size>
  <object>
    <name>blue_plate</name>
    <difficult>0</difficult>
    <bndbox>
      <xmin>371</xmin>
      <ymin>445</ymin>
      <xmax>536</xmax>
      <ymax>515</ymax>
    </bndbox>
  </object>
</annotation>
