<?xml version='1.0' encoding='UTF-8'?>
<annotation>
  <filename>0103448275862-90_90-214&amp;549_410&amp;608-413&amp;601_220&amp;611_217&amp;550_410&amp;540-0_0_8_30_1_32_32-114-29.jpg</filename>
  <object_num>1</object_num>
  <size>
    <width>720</width>
    <height>1160</height>
  </size>
  <object>
    <name>blue_plate</name>
    <difficult>0</difficult>
    <bndbox>
      <xmin>204</xmin>
      <ymin>540</ymin>
      <xmax>420</xmax>
      <ymax>605</ymax>
    </bndbox>
  </object>
</annotation>
