<?xml version='1.0' encoding='UTF-8'?>
<annotation>
  <filename>0103807471264-92_88-273&amp;532_461&amp;602-464&amp;602_269&amp;595_269&amp;532_464&amp;539-0_0_10_23_26_26_29-119-9.jpg</filename>
  <object_num>1</object_num>
  <size>
    <width>720</width>
    <height>1160</height>
  </size>
  <object>
    <name>blue_plate</name>
    <difficult>0</difficult>
    <bndbox>
      <xmin>265</xmin>
      <ymin>535</ymin>
      <xmax>461</xmax>
      <ymax>599</ymax>
    </bndbox>
  </object>
</annotation>
