<?xml version='1.0' encoding='UTF-8'?>
<annotation>
  <filename>0103472222222-89_91-368&amp;416_553&amp;488-558&amp;477_384&amp;488_388&amp;413_562&amp;402-0_0_23_32_16_25_30-172-17.jpg</filename>
  <object_num>1</object_num>
  <size>
    <width>720</width>
    <height>1160</height>
  </size>
  <object>
    <name>blue_plate</name>
    <difficult>0</difficult>
    <bndbox>
      <xmin>372</xmin>
      <ymin>398</ymin>
      <xmax>556</xmax>
      <ymax>484</ymax>
    </bndbox>
  </object>
</annotation>
