<?xml version='1.0' encoding='UTF-8'?>
<annotation>
  <filename>0103268678161-81_99-460&amp;463_603&amp;554-607&amp;517_463&amp;547_460&amp;482_604&amp;452-0_0_24_26_30_10_29-70-7.jpg</filename>
  <object_num>1</object_num>
  <size>
    <width>720</width>
    <height>1160</height>
  </size>
  <object>
    <name>blue_plate</name>
    <difficult>0</difficult>
    <bndbox>
      <xmin>444</xmin>
      <ymin>456</ymin>
      <xmax>605</xmax>
      <ymax>555</ymax>
    </bndbox>
  </object>
</annotation>
