<?xml version='1.0' encoding='UTF-8'?>
<annotation>
  <filename>0103568007663-90_85-295&amp;400_505&amp;475-521&amp;478_289&amp;473_275&amp;394_507&amp;399-0_0_15_15_27_30_27-150-45.jpg</filename>
  <object_num>1</object_num>
  <size>
    <width>720</width>
    <height>1160</height>
  </size>
  <object>
    <name>blue_plate</name>
    <difficult>0</difficult>
    <bndbox>
      <xmin>270</xmin>
      <ymin>385</ymin>
      <xmax>514</xmax>
      <ymax>478</ymax>
    </bndbox>
  </object>
</annotation>
