<?xml version='1.0' encoding='UTF-8'?>
<annotation>
  <filename>010319683908-89_77-259&amp;299_442&amp;380-442&amp;356_285&amp;376_263&amp;321_420&amp;301-0_9_24_31_0_24_33-98-24.jpg</filename>
  <object_num>1</object_num>
  <size>
    <width>720</width>
    <height>1160</height>
  </size>
  <object>
    <name>blue_plate</name>
    <difficult>0</difficult>
    <bndbox>
      <xmin>265</xmin>
      <ymin>294</ymin>
      <xmax>436</xmax>
      <ymax>373</ymax>
    </bndbox>
  </object>
</annotation>
