<?xml version='1.0' encoding='UTF-8'?>
<annotation>
  <filename>010474137931-90_92-244&amp;536_434&amp;595-440&amp;599_253&amp;603_256&amp;528_443&amp;524-0_0_16_20_30_31_29-144-14.jpg</filename>
  <object_num>1</object_num>
  <size>
    <width>720</width>
    <height>1160</height>
  </size>
  <object>
    <name>blue_plate</name>
    <difficult>0</difficult>
    <bndbox>
      <xmin>239</xmin>
      <ymin>517</ymin>
      <xmax>440</xmax>
      <ymax>604</ymax>
    </bndbox>
  </object>
</annotation>
