<?xml version='1.0' encoding='UTF-8'?>
<annotation>
  <filename>010474137931-93_88-218&amp;430_395&amp;496-399&amp;511_226&amp;496_226&amp;438_399&amp;453-0_0_23_5_29_24_33-115-33.jpg</filename>
  <object_num>1</object_num>
  <size>
    <width>720</width>
    <height>1160</height>
  </size>
  <object>
    <name>blue_plate</name>
    <difficult>0</difficult>
    <bndbox>
      <xmin>216</xmin>
      <ymin>433</ymin>
      <xmax>398</xmax>
      <ymax>512</ymax>
    </bndbox>
  </object>
</annotation>
