<?xml version='1.0' encoding='UTF-8'?>
<annotation>
  <filename>010470545977-90_82-233&amp;526_411&amp;587-419&amp;589_241&amp;579_224&amp;516_402&amp;526-0_0_33_29_5_33_32-87-31.jpg</filename>
  <object_num>1</object_num>
  <size>
    <width>720</width>
    <height>1160</height>
  </size>
  <object>
    <name>blue_plate</name>
    <difficult>0</difficult>
    <bndbox>
      <xmin>224</xmin>
      <ymin>511</ymin>
      <xmax>411</xmax>
      <ymax>590</ymax>
    </bndbox>
  </object>
</annotation>
