<?xml version='1.0' encoding='UTF-8'?>
<annotation>
  <filename>0104275173611-93_259-224&amp;464_379&amp;531-379&amp;531_230&amp;513_224&amp;464_375&amp;474-0_0_3_25_33_29_29_29-75-6.jpg</filename>
  <object_num>1</object_num>
  <size>
    <width>720</width>
    <height>1160</height>
  </size>
  <object>
    <name>greed_plate</name>
    <difficult>0</difficult>
    <bndbox>
      <xmin>217</xmin>
      <ymin>460</ymin>
      <xmax>384</xmax>
      <ymax>534</ymax>
    </bndbox>
  </object>
</annotation>
