<?xml version='1.0' encoding='UTF-8'?>
<annotation>
  <filename>010466954023-90_88-177&amp;458_384&amp;517-380&amp;518_177&amp;528_180&amp;462_383&amp;452-0_0_0_33_33_31_23-134-42.jpg</filename>
  <object_num>1</object_num>
  <size>
    <width>720</width>
    <height>1160</height>
  </size>
  <object>
    <name>blue_plate</name>
    <difficult>0</difficult>
    <bndbox>
      <xmin>163</xmin>
      <ymin>449</ymin>
      <xmax>380</xmax>
      <ymax>524</ymax>
    </bndbox>
  </object>
</annotation>
