<?xml version='1.0' encoding='UTF-8'?>
<annotation>
  <filename>0104070881226-91_90-234&amp;505_420&amp;569-422&amp;567_245&amp;565_248&amp;505_425&amp;507-0_0_9_31_26_30_18-43-16.jpg</filename>
  <object_num>1</object_num>
  <size>
    <width>720</width>
    <height>1160</height>
  </size>
  <object>
    <name>blue_plate</name>
    <difficult>0</difficult>
    <bndbox>
      <xmin>233</xmin>
      <ymin>497</ymin>
      <xmax>427</xmax>
      <ymax>571</ymax>
    </bndbox>
  </object>
</annotation>
