<?xml version='1.0' encoding='UTF-8'?>
<annotation>
  <filename>0104597701149-87_92-175&amp;326_343&amp;395-343&amp;379_184&amp;393_176&amp;339_335&amp;325-14_5_15_26_25_25_29-96-21.jpg</filename>
  <object_num>1</object_num>
  <size>
    <width>720</width>
    <height>1160</height>
  </size>
  <object>
    <name>blue_plate</name>
    <difficult>0</difficult>
    <bndbox>
      <xmin>167</xmin>
      <ymin>320</ymin>
      <xmax>341</xmax>
      <ymax>392</ymax>
    </bndbox>
  </object>
</annotation>
