<?xml version='1.0' encoding='UTF-8'?>
<annotation>
  <filename>010464559387-90_91-370&amp;331_574&amp;388-577&amp;389_375&amp;393_374&amp;324_576&amp;320-0_0_0_27_26_24_24-130-14.jpg</filename>
  <object_num>1</object_num>
  <size>
    <width>720</width>
    <height>1160</height>
  </size>
  <object>
    <name>blue_plate</name>
    <difficult>0</difficult>
    <bndbox>
      <xmin>358</xmin>
      <ymin>317</ymin>
      <xmax>578</xmax>
      <ymax>390</ymax>
    </bndbox>
  </object>
</annotation>
