<?xml version='1.0' encoding='UTF-8'?>
<annotation>
  <filename>010466954023-90_90-254&amp;489_450&amp;561-469&amp;556_262&amp;556_253&amp;493_460&amp;493-0_12_10_27_26_24_32-103-14.jpg</filename>
  <object_num>1</object_num>
  <size>
    <width>720</width>
    <height>1160</height>
  </size>
  <object>
    <name>blue_plate</name>
    <difficult>0</difficult>
    <bndbox>
      <xmin>247</xmin>
      <ymin>484</ymin>
      <xmax>462</xmax>
      <ymax>554</ymax>
    </bndbox>
  </object>
</annotation>
