<?xml version='1.0' encoding='UTF-8'?>
<annotation>
  <filename>0104022988506-90_88-231&amp;502_430&amp;558-426&amp;566_223&amp;563_225&amp;496_428&amp;499-0_0_15_33_24_33_26-137-15.jpg</filename>
  <object_num>1</object_num>
  <size>
    <width>720</width>
    <height>1160</height>
  </size>
  <object>
    <name>blue_plate</name>
    <difficult>0</difficult>
    <bndbox>
      <xmin>212</xmin>
      <ymin>488</ymin>
      <xmax>440</xmax>
      <ymax>570</ymax>
    </bndbox>
  </object>
</annotation>
