<?xml version='1.0' encoding='UTF-8'?>
<annotation>
  <filename>0104430076628-90_91-332&amp;563_536&amp;624-522&amp;618_338&amp;619_344&amp;559_528&amp;558-0_0_5_25_25_25_2-91-27.jpg</filename>
  <object_num>1</object_num>
  <size>
    <width>720</width>
    <height>1160</height>
  </size>
  <object>
    <name>blue_plate</name>
    <difficult>0</difficult>
    <bndbox>
      <xmin>328</xmin>
      <ymin>548</ymin>
      <xmax>525</xmax>
      <ymax>621</ymax>
    </bndbox>
  </object>
</annotation>
