<?xml version='1.0' encoding='UTF-8'?>
<annotation>
  <filename>0104597701149-91_88-228&amp;513_413&amp;580-418&amp;579_231&amp;576_231&amp;512_418&amp;515-0_0_2_28_23_30_30-112-18.jpg</filename>
  <object_num>1</object_num>
  <size>
    <width>720</width>
    <height>1160</height>
  </size>
  <object>
    <name>blue_plate</name>
    <difficult>0</difficult>
    <bndbox>
      <xmin>220</xmin>
      <ymin>503</ymin>
      <xmax>414</xmax>
      <ymax>581</ymax>
    </bndbox>
  </object>
</annotation>
