<?xml version='1.0' encoding='UTF-8'?>
<annotation>
  <filename>0104022988506-90_85-218&amp;381_416&amp;451-423&amp;445_232&amp;451_212&amp;384_403&amp;378-0_0_33_29_20_33_25-90-28.jpg</filename>
  <object_num>1</object_num>
  <size>
    <width>720</width>
    <height>1160</height>
  </size>
  <object>
    <name>blue_plate</name>
    <difficult>0</difficult>
    <bndbox>
      <xmin>209</xmin>
      <ymin>372</ymin>
      <xmax>420</xmax>
      <ymax>451</ymax>
    </bndbox>
  </object>
</annotation>
