<?xml version='1.0' encoding='UTF-8'?>
<annotation>
  <filename>010466954023-90_92-286&amp;531_496&amp;606-491&amp;601_286&amp;601_283&amp;538_488&amp;538-0_0_14_15_29_26_30-124-19.jpg</filename>
  <object_num>1</object_num>
  <size>
    <width>720</width>
    <height>1160</height>
  </size>
  <object>
    <name>blue_plate</name>
    <difficult>0</difficult>
    <bndbox>
      <xmin>282</xmin>
      <ymin>528</ymin>
      <xmax>488</xmax>
      <ymax>607</ymax>
    </bndbox>
  </object>
</annotation>
