<?xml version='1.0' encoding='UTF-8'?>
<annotation>
  <filename>0104166666667-90_90-247&amp;486_441&amp;546-431&amp;547_255&amp;552_254&amp;491_430&amp;486-0_0_31_26_27_3_25-201-8.jpg</filename>
  <object_num>1</object_num>
  <size>
    <width>720</width>
    <height>1160</height>
  </size>
  <object>
    <name>blue_plate</name>
    <difficult>0</difficult>
    <bndbox>
      <xmin>243</xmin>
      <ymin>481</ymin>
      <xmax>437</xmax>
      <ymax>550</ymax>
    </bndbox>
  </object>
</annotation>
