<?xml version='1.0' encoding='UTF-8'?>
<annotation>
  <filename>0104430076628-89_90-135&amp;519_322&amp;579-325&amp;570_145&amp;581_141&amp;520_321&amp;509-0_0_21_17_31_30_26-130-14.jpg</filename>
  <object_num>1</object_num>
  <size>
    <width>720</width>
    <height>1160</height>
  </size>
  <object>
    <name>blue_plate</name>
    <difficult>0</difficult>
    <bndbox>
      <xmin>128</xmin>
      <ymin>508</ymin>
      <xmax>330</xmax>
      <ymax>580</ymax>
    </bndbox>
  </object>
</annotation>
