<?xml version='1.0' encoding='UTF-8'?>
<annotation>
  <filename>0104597701149-90_89-315&amp;508_501&amp;576-499&amp;572_314&amp;574_315&amp;517_500&amp;515-0_0_25_24_4_24_32-82-41.jpg</filename>
  <object_num>1</object_num>
  <size>
    <width>720</width>
    <height>1160</height>
  </size>
  <object>
    <name>blue_plate</name>
    <difficult>0</difficult>
    <bndbox>
      <xmin>304</xmin>
      <ymin>506</ymin>
      <xmax>496</xmax>
      <ymax>577</ymax>
    </bndbox>
  </object>
</annotation>
