<?xml version='1.0' encoding='UTF-8'?>
<annotation>
  <filename>0104094827586-90_88-292&amp;584_467&amp;646-464&amp;640_299&amp;650_303&amp;588_468&amp;578-0_0_23_33_11_29_27-106-38.jpg</filename>
  <object_num>1</object_num>
  <size>
    <width>720</width>
    <height>1160</height>
  </size>
  <object>
    <name>blue_plate</name>
    <difficult>0</difficult>
    <bndbox>
      <xmin>278</xmin>
      <ymin>575</ymin>
      <xmax>473</xmax>
      <ymax>649</ymax>
    </bndbox>
  </object>
</annotation>
