<?xml version='1.0' encoding='UTF-8'?>
<annotation>
  <filename>0105016762452-90_89-244&amp;359_439&amp;422-432&amp;420_244&amp;417_247&amp;354_435&amp;357-0_0_24_30_26_17_26-138-22.jpg</filename>
  <object_num>1</object_num>
  <size>
    <width>720</width>
    <height>1160</height>
  </size>
  <object>
    <name>blue_plate</name>
    <difficult>0</difficult>
    <bndbox>
      <xmin>231</xmin>
      <ymin>346</ymin>
      <xmax>437</xmax>
      <ymax>425</ymax>
    </bndbox>
  </object>
</annotation>
