<?xml version='1.0' encoding='UTF-8'?>
<annotation>
  <filename>0105795019157-90_88-251&amp;502_462&amp;564-472&amp;570_245&amp;568_247&amp;491_474&amp;493-0_0_23_29_10_31_25-132-27.jpg</filename>
  <object_num>1</object_num>
  <size>
    <width>720</width>
    <height>1160</height>
  </size>
  <object>
    <name>blue_plate</name>
    <difficult>0</difficult>
    <bndbox>
      <xmin>233</xmin>
      <ymin>486</ymin>
      <xmax>471</xmax>
      <ymax>570</ymax>
    </bndbox>
  </object>
</annotation>
