<?xml version='1.0' encoding='UTF-8'?>
<annotation>
  <filename>0105196360153-90_81-274&amp;521_477&amp;574-485&amp;577_281&amp;576_264&amp;510_468&amp;511-0_0_32_30_24_32_31-116-36.jpg</filename>
  <object_num>1</object_num>
  <size>
    <width>720</width>
    <height>1160</height>
  </size>
  <object>
    <name>blue_plate</name>
    <difficult>0</difficult>
    <bndbox>
      <xmin>257</xmin>
      <ymin>496</ymin>
      <xmax>482</xmax>
      <ymax>584</ymax>
    </bndbox>
  </object>
</annotation>
