<?xml version='1.0' encoding='UTF-8'?>
<annotation>
  <filename>0105363984674-92_89-238&amp;459_415&amp;528-411&amp;527_235&amp;521_241&amp;458_417&amp;464-0_0_3_32_11_31_24-130-14.jpg</filename>
  <object_num>1</object_num>
  <size>
    <width>720</width>
    <height>1160</height>
  </size>
  <object>
    <name>blue_plate</name>
    <difficult>0</difficult>
    <bndbox>
      <xmin>226</xmin>
      <ymin>452</ymin>
      <xmax>412</xmax>
      <ymax>528</ymax>
    </bndbox>
  </object>
</annotation>
