<?xml version='1.0' encoding='UTF-8'?>
<annotation>
  <filename>0105974616858-88_90-325&amp;470_507&amp;544-510&amp;524_337&amp;535_334&amp;474_507&amp;463-0_0_27_32_24_16_31-102-8.jpg</filename>
  <object_num>1</object_num>
  <size>
    <width>720</width>
    <height>1160</height>
  </size>
  <object>
    <name>blue_plate</name>
    <difficult>0</difficult>
    <bndbox>
      <xmin>322</xmin>
      <ymin>463</ymin>
      <xmax>513</xmax>
      <ymax>537</ymax>
    </bndbox>
  </object>
</annotation>
