<?xml version='1.0' encoding='UTF-8'?>
<annotation>
  <filename>0105387931034-91_86-234&amp;533_413&amp;600-424&amp;608_236&amp;597_228&amp;531_416&amp;542-0_0_20_30_4_25_24-82-15.jpg</filename>
  <object_num>1</object_num>
  <size>
    <width>720</width>
    <height>1160</height>
  </size>
  <object>
    <name>blue_plate</name>
    <difficult>0</difficult>
    <bndbox>
      <xmin>221</xmin>
      <ymin>524</ymin>
      <xmax>422</xmax>
      <ymax>611</ymax>
    </bndbox>
  </object>
</annotation>
