<?xml version='1.0' encoding='UTF-8'?>
<annotation>
  <filename>0105974616858-91_90-275&amp;565_461&amp;626-454&amp;626_268&amp;625_276&amp;560_462&amp;561-0_0_29_31_1_32_29-149-21.jpg</filename>
  <object_num>1</object_num>
  <size>
    <width>720</width>
    <height>1160</height>
  </size>
  <object>
    <name>blue_plate</name>
    <difficult>0</difficult>
    <bndbox>
      <xmin>258</xmin>
      <ymin>555</ymin>
      <xmax>453</xmax>
      <ymax>628</ymax>
    </bndbox>
  </object>
</annotation>
