<?xml version='1.0' encoding='UTF-8'?>
<annotation>
  <filename>0105974616858-90_91-263&amp;507_454&amp;580-465&amp;577_259&amp;574_259&amp;504_465&amp;507-0_0_24_21_32_25_27-137-24.jpg</filename>
  <object_num>1</object_num>
  <size>
    <width>720</width>
    <height>1160</height>
  </size>
  <object>
    <name>blue_plate</name>
    <difficult>0</difficult>
    <bndbox>
      <xmin>256</xmin>
      <ymin>500</ymin>
      <xmax>468</xmax>
      <ymax>581</ymax>
    </bndbox>
  </object>
</annotation>
