<?xml version='1.0' encoding='UTF-8'?>
<annotation>
  <filename>0105232279693-90_90-286&amp;401_504&amp;464-514&amp;462_292&amp;459_296&amp;390_518&amp;393-0_0_13_6_33_29_32-29-16.jpg</filename>
  <object_num>1</object_num>
  <size>
    <width>720</width>
    <height>1160</height>
  </size>
  <object>
    <name>blue_plate</name>
    <difficult>0</difficult>
    <bndbox>
      <xmin>273</xmin>
      <ymin>380</ymin>
      <xmax>521</xmax>
      <ymax>467</ymax>
    </bndbox>
  </object>
</annotation>
