<?xml version='1.0' encoding='UTF-8'?>
<annotation>
  <filename>0105747126437-90_88-243&amp;485_437&amp;546-436&amp;546_248&amp;545_247&amp;481_435&amp;482-0_0_3_26_3_32_33-114-22.jpg</filename>
  <object_num>1</object_num>
  <size>
    <width>720</width>
    <height>1160</height>
  </size>
  <object>
    <name>blue_plate</name>
    <difficult>0</difficult>
    <bndbox>
      <xmin>227</xmin>
      <ymin>475</ymin>
      <xmax>430</xmax>
      <ymax>547</ymax>
    </bndbox>
  </object>
</annotation>
