<?xml version='1.0' encoding='UTF-8'?>
<annotation>
  <filename>0105016762452-90_90-253&amp;481_437&amp;539-439&amp;538_261&amp;540_261&amp;479_439&amp;477-0_0_16_26_27_28_10-93-140.jpg</filename>
  <object_num>1</object_num>
  <size>
    <width>720</width>
    <height>1160</height>
  </size>
  <object>
    <name>blue_plate</name>
    <difficult>0</difficult>
    <bndbox>
      <xmin>246</xmin>
      <ymin>468</ymin>
      <xmax>438</xmax>
      <ymax>542</ymax>
    </bndbox>
  </object>
</annotation>
