<?xml version='1.0' encoding='UTF-8'?>
<annotation>
  <filename>0105747126437-90_83-267&amp;399_496&amp;462-497&amp;470_261&amp;459_258&amp;388_494&amp;399-0_0_26_3_26_30_32-143-19.jpg</filename>
  <object_num>1</object_num>
  <size>
    <width>720</width>
    <height>1160</height>
  </size>
  <object>
    <name>blue_plate</name>
    <difficult>0</difficult>
    <bndbox>
      <xmin>246</xmin>
      <ymin>380</ymin>
      <xmax>496</xmax>
      <ymax>471</ymax>
    </bndbox>
  </object>
</annotation>
