<?xml version='1.0' encoding='UTF-8'?>
<annotation>
  <filename>01061901341-90_92-267&amp;516_458&amp;582-456&amp;586_263&amp;578_277&amp;515_470&amp;523-0_0_4_30_27_25_25-47-8.jpg</filename>
  <object_num>1</object_num>
  <size>
    <width>720</width>
    <height>1160</height>
  </size>
  <object>
    <name>blue_plate</name>
    <difficult>0</difficult>
    <bndbox>
      <xmin>254</xmin>
      <ymin>516</ymin>
      <xmax>467</xmax>
      <ymax>578</ymax>
    </bndbox>
  </object>
</annotation>
