<?xml version='1.0' encoding='UTF-8'?>
<annotation>
  <filename>0106920498084-90_90-273&amp;414_477&amp;483-478&amp;478_271&amp;476_276&amp;403_483&amp;405-0_0_15_4_33_32_29-36-27.jpg</filename>
  <object_num>1</object_num>
  <size>
    <width>720</width>
    <height>1160</height>
  </size>
  <object>
    <name>blue_plate</name>
    <difficult>0</difficult>
    <bndbox>
      <xmin>265</xmin>
      <ymin>396</ymin>
      <xmax>483</xmax>
      <ymax>477</ymax>
    </bndbox>
  </object>
</annotation>
