<?xml version='1.0' encoding='UTF-8'?>
<annotation>
  <filename>0106142241379-90_86-212&amp;502_420&amp;562-439&amp;566_222&amp;560_196&amp;490_413&amp;496-0_2_33_31_29_33_32-122-14.jpg</filename>
  <object_num>1</object_num>
  <size>
    <width>720</width>
    <height>1160</height>
  </size>
  <object>
    <name>blue_plate</name>
    <difficult>0</difficult>
    <bndbox>
      <xmin>193</xmin>
      <ymin>483</ymin>
      <xmax>429</xmax>
      <ymax>565</ymax>
    </bndbox>
  </object>
</annotation>
