<?xml version='1.0' encoding='UTF-8'?>
<annotation>
  <filename>0106609195402-90_90-181&amp;524_369&amp;592-367&amp;591_184&amp;587_186&amp;526_369&amp;530-0_0_3_22_26_30_24-99-33.jpg</filename>
  <object_num>1</object_num>
  <size>
    <width>720</width>
    <height>1160</height>
  </size>
  <object>
    <name>blue_plate</name>
    <difficult>0</difficult>
    <bndbox>
      <xmin>174</xmin>
      <ymin>517</ymin>
      <xmax>366</xmax>
      <ymax>594</ymax>
    </bndbox>
  </object>
</annotation>
