<?xml version='1.0' encoding='UTF-8'?>
<annotation>
  <filename>0106640625-85_271-285&amp;406_441&amp;474-441&amp;450_288&amp;474_285&amp;422_438&amp;406-0_0_3_26_26_27_26_26-89-12.jpg</filename>
  <object_num>1</object_num>
  <size>
    <width>720</width>
    <height>1160</height>
  </size>
  <object>
    <name>greed_plate</name>
    <difficult>0</difficult>
    <bndbox>
      <xmin>272</xmin>
      <ymin>400</ymin>
      <xmax>458</xmax>
      <ymax>481</ymax>
    </bndbox>
  </object>
</annotation>
