<?xml version='1.0' encoding='UTF-8'?>
<annotation>
  <filename>0106681034483-90_90-252&amp;406_428&amp;468-440&amp;467_256&amp;468_256&amp;406_440&amp;405-0_0_26_32_3_33_25-101-17.jpg</filename>
  <object_num>1</object_num>
  <size>
    <width>720</width>
    <height>1160</height>
  </size>
  <object>
    <name>blue_plate</name>
    <difficult>0</difficult>
    <bndbox>
      <xmin>241</xmin>
      <ymin>396</ymin>
      <xmax>448</xmax>
      <ymax>470</ymax>
    </bndbox>
  </object>
</annotation>
