<?xml version='1.0' encoding='UTF-8'?>
<annotation>
  <filename>0106561302682-90_91-264&amp;518_463&amp;586-465&amp;577_270&amp;581_270&amp;515_465&amp;511-0_0_10_6_33_31_29-146-16.jpg</filename>
  <object_num>1</object_num>
  <size>
    <width>720</width>
    <height>1160</height>
  </size>
  <object>
    <name>blue_plate</name>
    <difficult>0</difficult>
    <bndbox>
      <xmin>251</xmin>
      <ymin>508</ymin>
      <xmax>464</xmax>
      <ymax>582</ymax>
    </bndbox>
  </object>
</annotation>
