<?xml version='1.0' encoding='UTF-8'?>
<annotation>
  <filename>0106465517241-89_90-270&amp;380_459&amp;457-464&amp;448_271&amp;459_265&amp;390_458&amp;379-0_0_3_17_28_24_24-102-21.jpg</filename>
  <object_num>1</object_num>
  <size>
    <width>720</width>
    <height>1160</height>
  </size>
  <object>
    <name>blue_plate</name>
    <difficult>0</difficult>
    <bndbox>
      <xmin>261</xmin>
      <ymin>371</ymin>
      <xmax>464</xmax>
      <ymax>452</ymax>
    </bndbox>
  </object>
</annotation>
