<?xml version='1.0' encoding='UTF-8'?>
<annotation>
  <filename>0106896551724-90_81-251&amp;490_462&amp;556-473&amp;566_256&amp;553_238&amp;480_455&amp;493-0_12_2_24_29_32_32-91-12.jpg</filename>
  <object_num>1</object_num>
  <size>
    <width>720</width>
    <height>1160</height>
  </size>
  <object>
    <name>blue_plate</name>
    <difficult>0</difficult>
    <bndbox>
      <xmin>236</xmin>
      <ymin>475</ymin>
      <xmax>463</xmax>
      <ymax>565</ymax>
    </bndbox>
  </object>
</annotation>
