<?xml version='1.0' encoding='UTF-8'?>
<annotation>
  <filename>0106465517241-89_88-257&amp;547_445&amp;608-446&amp;601_262&amp;607_255&amp;546_439&amp;540-10_0_14_30_33_21_25-134-35.jpg</filename>
  <object_num>1</object_num>
  <size>
    <width>720</width>
    <height>1160</height>
  </size>
  <object>
    <name>blue_plate</name>
    <difficult>0</difficult>
    <bndbox>
      <xmin>245</xmin>
      <ymin>532</ymin>
      <xmax>447</xmax>
      <ymax>607</ymax>
    </bndbox>
  </object>
</annotation>
