<?xml version='1.0' encoding='UTF-8'?>
<annotation>
  <filename>0106022509579-92_86-274&amp;528_463&amp;600-454&amp;594_281&amp;582_287&amp;523_460&amp;535-0_0_33_13_27_33_29-107-23.jpg</filename>
  <object_num>1</object_num>
  <size>
    <width>720</width>
    <height>1160</height>
  </size>
  <object>
    <name>blue_plate</name>
    <difficult>0</difficult>
    <bndbox>
      <xmin>271</xmin>
      <ymin>516</ymin>
      <xmax>458</xmax>
      <ymax>595</ymax>
    </bndbox>
  </object>
</annotation>
