<?xml version='1.0' encoding='UTF-8'?>
<annotation>
  <filename>0106609195402-88_89-282&amp;450_455&amp;515-450&amp;503_288&amp;513_289&amp;457_451&amp;447-0_0_21_25_18_27_32-95-45.jpg</filename>
  <object_num>1</object_num>
  <size>
    <width>720</width>
    <height>1160</height>
  </size>
  <object>
    <name>blue_plate</name>
    <difficult>0</difficult>
    <bndbox>
      <xmin>274</xmin>
      <ymin>445</ymin>
      <xmax>450</xmax>
      <ymax>511</ymax>
    </bndbox>
  </object>
</annotation>
