<?xml version='1.0' encoding='UTF-8'?>
<annotation>
  <filename>0106896551724-90_89-168&amp;443_375&amp;503-383&amp;504_158&amp;503_153&amp;431_378&amp;432-0_0_2_32_33_32_23-126-15.jpg</filename>
  <object_num>1</object_num>
  <size>
    <width>720</width>
    <height>1160</height>
  </size>
  <object>
    <name>blue_plate</name>
    <difficult>0</difficult>
    <bndbox>
      <xmin>141</xmin>
      <ymin>419</ymin>
      <xmax>387</xmax>
      <ymax>511</ymax>
    </bndbox>
  </object>
</annotation>
