<?xml version='1.0' encoding='UTF-8'?>
<annotation>
  <filename>0106609195402-89_87-352&amp;451_530&amp;514-532&amp;509_361&amp;510_360&amp;452_531&amp;451-0_0_2_33_25_32_28-112-19.jpg</filename>
  <object_num>1</object_num>
  <size>
    <width>720</width>
    <height>1160</height>
  </size>
  <object>
    <name>blue_plate</name>
    <difficult>0</difficult>
    <bndbox>
      <xmin>350</xmin>
      <ymin>443</ymin>
      <xmax>529</xmax>
      <ymax>510</ymax>
    </bndbox>
  </object>
</annotation>
