<?xml version='1.0' encoding='UTF-8'?>
<annotation>
  <filename>0106944444444-93_95-323&amp;474_500&amp;539-481&amp;550_331&amp;540_350&amp;473_500&amp;483-0_0_27_24_7_25_31-117-31.jpg</filename>
  <object_num>1</object_num>
  <size>
    <width>720</width>
    <height>1160</height>
  </size>
  <object>
    <name>blue_plate</name>
    <difficult>0</difficult>
    <bndbox>
      <xmin>323</xmin>
      <ymin>465</ymin>
      <xmax>494</xmax>
      <ymax>552</ymax>
    </bndbox>
  </object>
</annotation>
