<?xml version='1.0' encoding='UTF-8'?>
<annotation>
  <filename>0106944444444-87_89-231&amp;356_399&amp;422-403&amp;412_245&amp;422_241&amp;364_399&amp;354-0_0_8_4_26_30_32-87-14.jpg</filename>
  <object_num>1</object_num>
  <size>
    <width>720</width>
    <height>1160</height>
  </size>
  <object>
    <name>blue_plate</name>
    <difficult>0</difficult>
    <bndbox>
      <xmin>227</xmin>
      <ymin>349</ymin>
      <xmax>399</xmax>
      <ymax>421</ymax>
    </bndbox>
  </object>
</annotation>
