<?xml version='1.0' encoding='UTF-8'?>
<annotation>
  <filename>010629789272-90_89-270&amp;318_477&amp;372-484&amp;373_265&amp;383_263&amp;317_482&amp;307-0_0_27_22_24_32_30-61-8.jpg</filename>
  <object_num>1</object_num>
  <size>
    <width>720</width>
    <height>1160</height>
  </size>
  <object>
    <name>blue_plate</name>
    <difficult>0</difficult>
    <bndbox>
      <xmin>250</xmin>
      <ymin>305</ymin>
      <xmax>481</xmax>
      <ymax>382</ymax>
    </bndbox>
  </object>
</annotation>
