<?xml version='1.0' encoding='UTF-8'?>
<annotation>
  <filename>0106561302682-90_90-174&amp;466_380&amp;529-386&amp;533_174&amp;537_170&amp;467_382&amp;463-0_0_22_11_30_25_26-109-20.jpg</filename>
  <object_num>1</object_num>
  <size>
    <width>720</width>
    <height>1160</height>
  </size>
  <object>
    <name>blue_plate</name>
    <difficult>0</difficult>
    <bndbox>
      <xmin>162</xmin>
      <ymin>454</ymin>
      <xmax>382</xmax>
      <ymax>528</ymax>
    </bndbox>
  </object>
</annotation>
