<?xml version='1.0' encoding='UTF-8'?>
<annotation>
  <filename>0106465517241-89_88-219&amp;463_397&amp;530-403&amp;525_228&amp;526_226&amp;468_401&amp;467-0_0_14_32_33_25_31-112-22.jpg</filename>
  <object_num>1</object_num>
  <size>
    <width>720</width>
    <height>1160</height>
  </size>
  <object>
    <name>blue_plate</name>
    <difficult>0</difficult>
    <bndbox>
      <xmin>219</xmin>
      <ymin>458</ymin>
      <xmax>403</xmax>
      <ymax>528</ymax>
    </bndbox>
  </object>
</annotation>
