<?xml version='1.0' encoding='UTF-8'?>
<annotation>
  <filename>010632183908-90_87-279&amp;485_482&amp;549-483&amp;548_277&amp;548_273&amp;480_479&amp;480-0_0_22_8_29_26_30-70-5.jpg</filename>
  <object_num>1</object_num>
  <size>
    <width>720</width>
    <height>1160</height>
  </size>
  <object>
    <name>blue_plate</name>
    <difficult>0</difficult>
    <bndbox>
      <xmin>266</xmin>
      <ymin>485</ymin>
      <xmax>482</xmax>
      <ymax>544</ymax>
    </bndbox>
  </object>
</annotation>
