<?xml version='1.0' encoding='UTF-8'?>
<annotation>
  <filename>0106022509579-90_90-313&amp;444_488&amp;509-485&amp;504_309&amp;517_308&amp;454_484&amp;441-0_0_11_32_26_30_17-111-11.jpg</filename>
  <object_num>1</object_num>
  <size>
    <width>720</width>
    <height>1160</height>
  </size>
  <object>
    <name>blue_plate</name>
    <difficult>0</difficult>
    <bndbox>
      <xmin>298</xmin>
      <ymin>436</ymin>
      <xmax>484</xmax>
      <ymax>516</ymax>
    </bndbox>
  </object>
</annotation>
