<?xml version='1.0' encoding='UTF-8'?>
<annotation>
  <filename>010787835249-91_84-249&amp;521_461&amp;579-474&amp;588_242&amp;581_245&amp;509_477&amp;516-0_0_7_27_10_25_30-157-13.jpg</filename>
  <object_num>1</object_num>
  <size>
    <width>720</width>
    <height>1160</height>
  </size>
  <object>
    <name>blue_plate</name>
    <difficult>0</difficult>
    <bndbox>
      <xmin>235</xmin>
      <ymin>502</ymin>
      <xmax>474</xmax>
      <ymax>584</ymax>
    </bndbox>
  </object>
</annotation>
