<?xml version='1.0' encoding='UTF-8'?>
<annotation>
  <filename>0107327586207-90_90-278&amp;537_469&amp;600-476&amp;601_288&amp;607_291&amp;530_479&amp;524-0_0_33_1_28_33_32-195-15.jpg</filename>
  <object_num>1</object_num>
  <size>
    <width>720</width>
    <height>1160</height>
  </size>
  <object>
    <name>blue_plate</name>
    <difficult>0</difficult>
    <bndbox>
      <xmin>273</xmin>
      <ymin>518</ymin>
      <xmax>470</xmax>
      <ymax>606</ymax>
    </bndbox>
  </object>
</annotation>
