<?xml version='1.0' encoding='UTF-8'?>
<annotation>
  <filename>0107159961686-89_93-203&amp;460_407&amp;521-415&amp;521_194&amp;523_194&amp;450_415&amp;448-0_0_15_25_26_25_16-128-29.jpg</filename>
  <object_num>1</object_num>
  <size>
    <width>720</width>
    <height>1160</height>
  </size>
  <object>
    <name>blue_plate</name>
    <difficult>0</difficult>
    <bndbox>
      <xmin>184</xmin>
      <ymin>437</ymin>
      <xmax>414</xmax>
      <ymax>524</ymax>
    </bndbox>
  </object>
</annotation>
