<?xml version='1.0' encoding='UTF-8'?>
<annotation>
  <filename>0107088122605-90_91-215&amp;354_398&amp;420-396&amp;415_224&amp;414_225&amp;354_397&amp;355-0_0_2_31_33_24_9-119-33.jpg</filename>
  <object_num>1</object_num>
  <size>
    <width>720</width>
    <height>1160</height>
  </size>
  <object>
    <name>blue_plate</name>
    <difficult>0</difficult>
    <bndbox>
      <xmin>210</xmin>
      <ymin>349</ymin>
      <xmax>401</xmax>
      <ymax>418</ymax>
    </bndbox>
  </object>
</annotation>
