<?xml version='1.0' encoding='UTF-8'?>
<annotation>
  <filename>0107088122605-90_89-148&amp;524_343&amp;587-344&amp;590_145&amp;584_146&amp;511_345&amp;517-0_0_11_33_0_27_33-56-32.jpg</filename>
  <object_num>1</object_num>
  <size>
    <width>720</width>
    <height>1160</height>
  </size>
  <object>
    <name>blue_plate</name>
    <difficult>0</difficult>
    <bndbox>
      <xmin>138</xmin>
      <ymin>506</ymin>
      <xmax>343</xmax>
      <ymax>591</ymax>
    </bndbox>
  </object>
</annotation>
