<?xml version='1.0' encoding='UTF-8'?>
<annotation>
  <filename>0107147988506-88_94-303&amp;548_500&amp;615-493&amp;609_304&amp;621_309&amp;547_498&amp;535-0_0_25_33_26_27_32-123-8.jpg</filename>
  <object_num>1</object_num>
  <size>
    <width>720</width>
    <height>1160</height>
  </size>
  <object>
    <name>blue_plate</name>
    <difficult>0</difficult>
    <bndbox>
      <xmin>290</xmin>
      <ymin>532</ymin>
      <xmax>495</xmax>
      <ymax>618</ymax>
    </bndbox>
  </object>
</annotation>
