<?xml version='1.0' encoding='UTF-8'?>
<annotation>
  <filename>0107974137931-90_90-348&amp;480_527&amp;552-522&amp;544_353&amp;553_361&amp;493_530&amp;484-0_0_17_26_33_32_27-75-19.jpg</filename>
  <object_num>1</object_num>
  <size>
    <width>720</width>
    <height>1160</height>
  </size>
  <object>
    <name>blue_plate</name>
    <difficult>0</difficult>
    <bndbox>
      <xmin>347</xmin>
      <ymin>482</ymin>
      <xmax>523</xmax>
      <ymax>550</ymax>
    </bndbox>
  </object>
</annotation>
