<?xml version='1.0' encoding='UTF-8'?>
<annotation>
  <filename>0107088122605-90_90-344&amp;569_541&amp;631-535&amp;620_349&amp;640_356&amp;577_542&amp;557-11_3_33_17_30_33_25-44-12.jpg</filename>
  <object_num>1</object_num>
  <size>
    <width>720</width>
    <height>1160</height>
  </size>
  <object>
    <name>blue_plate</name>
    <difficult>0</difficult>
    <bndbox>
      <xmin>331</xmin>
      <ymin>556</ymin>
      <xmax>538</xmax>
      <ymax>636</ymax>
    </bndbox>
  </object>
</annotation>
