<?xml version='1.0' encoding='UTF-8'?>
<annotation>
  <filename>0107088122605-91_85-235&amp;486_428&amp;548-432&amp;547_239&amp;550_238&amp;477_431&amp;474-0_0_12_5_27_26_24-136-9.jpg</filename>
  <object_num>1</object_num>
  <size>
    <width>720</width>
    <height>1160</height>
  </size>
  <object>
    <name>blue_plate</name>
    <difficult>0</difficult>
    <bndbox>
      <xmin>219</xmin>
      <ymin>462</ymin>
      <xmax>431</xmax>
      <ymax>552</ymax>
    </bndbox>
  </object>
</annotation>
