<?xml version='1.0' encoding='UTF-8'?>
<annotation>
  <filename>0107950191571-90_88-236&amp;517_444&amp;581-437&amp;592_241&amp;587_241&amp;519_437&amp;524-0_0_3_3_32_32_24-190-38.jpg</filename>
  <object_num>1</object_num>
  <size>
    <width>720</width>
    <height>1160</height>
  </size>
  <object>
    <name>blue_plate</name>
    <difficult>0</difficult>
    <bndbox>
      <xmin>233</xmin>
      <ymin>513</ymin>
      <xmax>433</xmax>
      <ymax>594</ymax>
    </bndbox>
  </object>
</annotation>
