<?xml version='1.0' encoding='UTF-8'?>
<annotation>
  <filename>0107375478927-88_94-393&amp;477_590&amp;550-602&amp;542_394&amp;565_388&amp;485_596&amp;462-0_0_12_29_23_32_29-80-8.jpg</filename>
  <object_num>1</object_num>
  <size>
    <width>720</width>
    <height>1160</height>
  </size>
  <object>
    <name>blue_plate</name>
    <difficult>0</difficult>
    <bndbox>
      <xmin>369</xmin>
      <ymin>463</ymin>
      <xmax>607</xmax>
      <ymax>563</ymax>
    </bndbox>
  </object>
</annotation>
