<?xml version='1.0' encoding='UTF-8'?>
<annotation>
  <filename>0107147988506-90_88-335&amp;595_522&amp;671-515&amp;668_339&amp;666_339&amp;599_515&amp;601-0_0_2_31_20_33_25-144-36.jpg</filename>
  <object_num>1</object_num>
  <size>
    <width>720</width>
    <height>1160</height>
  </size>
  <object>
    <name>blue_plate</name>
    <difficult>0</difficult>
    <bndbox>
      <xmin>326</xmin>
      <ymin>589</ymin>
      <xmax>512</xmax>
      <ymax>671</ymax>
    </bndbox>
  </object>
</annotation>
