<?xml version='1.0' encoding='UTF-8'?>
<annotation>
  <filename>0107710727969-90_89-282&amp;531_473&amp;597-478&amp;596_286&amp;596_284&amp;530_476&amp;530-0_0_23_27_30_29_33-136-22.jpg</filename>
  <object_num>1</object_num>
  <size>
    <width>720</width>
    <height>1160</height>
  </size>
  <object>
    <name>blue_plate</name>
    <difficult>0</difficult>
    <bndbox>
      <xmin>268</xmin>
      <ymin>523</ymin>
      <xmax>476</xmax>
      <ymax>598</ymax>
    </bndbox>
  </object>
</annotation>
