<?xml version='1.0' encoding='UTF-8'?>
<annotation>
  <filename>0107327586207-91_85-257&amp;530_440&amp;600-432&amp;601_255&amp;593_254&amp;533_431&amp;541-0_0_4_10_26_30_24-55-6.jpg</filename>
  <object_num>1</object_num>
  <size>
    <width>720</width>
    <height>1160</height>
  </size>
  <object>
    <name>blue_plate</name>
    <difficult>0</difficult>
    <bndbox>
      <xmin>246</xmin>
      <ymin>527</ymin>
      <xmax>434</xmax>
      <ymax>601</ymax>
    </bndbox>
  </object>
</annotation>
