<?xml version='1.0' encoding='UTF-8'?>
<annotation>
  <filename>0107471264368-90_93-241&amp;481_446&amp;544-450&amp;550_237&amp;553_236&amp;478_449&amp;475-0_0_4_31_23_33_33-202-14.jpg</filename>
  <object_num>1</object_num>
  <size>
    <width>720</width>
    <height>1160</height>
  </size>
  <object>
    <name>blue_plate</name>
    <difficult>0</difficult>
    <bndbox>
      <xmin>230</xmin>
      <ymin>473</ymin>
      <xmax>447</xmax>
      <ymax>554</ymax>
    </bndbox>
  </object>
</annotation>
