<?xml version='1.0' encoding='UTF-8'?>
<annotation>
  <filename>0108512931034-92_88-245&amp;484_422&amp;562-423&amp;558_246&amp;544_251&amp;483_428&amp;497-0_0_3_24_25_33_6-78-19.jpg</filename>
  <object_num>1</object_num>
  <size>
    <width>720</width>
    <height>1160</height>
  </size>
  <object>
    <name>blue_plate</name>
    <difficult>0</difficult>
    <bndbox>
      <xmin>239</xmin>
      <ymin>476</ymin>
      <xmax>424</xmax>
      <ymax>562</ymax>
    </bndbox>
  </object>
</annotation>
