<?xml version='1.0' encoding='UTF-8'?>
<annotation>
  <filename>0108955938697-90_89-153&amp;444_351&amp;507-344&amp;501_162&amp;506_163&amp;444_345&amp;439-0_0_23_25_27_33_18-28-34.jpg</filename>
  <object_num>1</object_num>
  <size>
    <width>720</width>
    <height>1160</height>
  </size>
  <object>
    <name>blue_plate</name>
    <difficult>0</difficult>
    <bndbox>
      <xmin>155</xmin>
      <ymin>437</ymin>
      <xmax>351</xmax>
      <ymax>507</ymax>
    </bndbox>
  </object>
</annotation>
