<?xml version='1.0' encoding='UTF-8'?>
<annotation>
  <filename>0108357279693-90_89-282&amp;500_473&amp;561-484&amp;567_275&amp;567_276&amp;498_485&amp;498-0_0_13_2_26_26_26-140-13.jpg</filename>
  <object_num>1</object_num>
  <size>
    <width>720</width>
    <height>1160</height>
  </size>
  <object>
    <name>blue_plate</name>
    <difficult>0</difficult>
    <bndbox>
      <xmin>259</xmin>
      <ymin>496</ymin>
      <xmax>487</xmax>
      <ymax>565</ymax>
    </bndbox>
  </object>
</annotation>
