<?xml version='1.0' encoding='UTF-8'?>
<annotation>
  <filename>0108536877395-90_89-312&amp;506_512&amp;568-514&amp;561_317&amp;566_315&amp;502_512&amp;497-0_0_31_29_24_17_25-150-22.jpg</filename>
  <object_num>1</object_num>
  <size>
    <width>720</width>
    <height>1160</height>
  </size>
  <object>
    <name>blue_plate</name>
    <difficult>0</difficult>
    <bndbox>
      <xmin>304</xmin>
      <ymin>488</ymin>
      <xmax>513</xmax>
      <ymax>567</ymax>
    </bndbox>
  </object>
</annotation>
