<?xml version='1.0' encoding='UTF-8'?>
<annotation>
  <filename>0108620689655-90_89-242&amp;525_448&amp;594-449&amp;594_242&amp;594_247&amp;518_454&amp;518-0_0_6_6_30_32_30-207-15.jpg</filename>
  <object_num>1</object_num>
  <size>
    <width>720</width>
    <height>1160</height>
  </size>
  <object>
    <name>blue_plate</name>
    <difficult>0</difficult>
    <bndbox>
      <xmin>229</xmin>
      <ymin>514</ymin>
      <xmax>450</xmax>
      <ymax>593</ymax>
    </bndbox>
  </object>
</annotation>
