<?xml version='1.0' encoding='UTF-8'?>
<annotation>
  <filename>0108357279693-90_83-264&amp;521_462&amp;591-471&amp;597_263&amp;592_259&amp;522_467&amp;527-0_0_13_22_33_30_29-162-17.jpg</filename>
  <object_num>1</object_num>
  <size>
    <width>720</width>
    <height>1160</height>
  </size>
  <object>
    <name>blue_plate</name>
    <difficult>0</difficult>
    <bndbox>
      <xmin>252</xmin>
      <ymin>512</ymin>
      <xmax>469</xmax>
      <ymax>599</ymax>
    </bndbox>
  </object>
</annotation>
