<?xml version='1.0' encoding='UTF-8'?>
<annotation>
  <filename>0108955938697-90_92-199&amp;503_400&amp;566-392&amp;571_198&amp;564_202&amp;496_396&amp;503-0_0_26_32_25_6_29-114-11.jpg</filename>
  <object_num>1</object_num>
  <size>
    <width>720</width>
    <height>1160</height>
  </size>
  <object>
    <name>blue_plate</name>
    <difficult>0</difficult>
    <bndbox>
      <xmin>181</xmin>
      <ymin>488</ymin>
      <xmax>397</xmax>
      <ymax>571</ymax>
    </bndbox>
  </object>
</annotation>
