<?xml version='1.0' encoding='UTF-8'?>
<annotation>
  <filename>0108656609195-91_91-288&amp;500_472&amp;571-479&amp;579_289&amp;573_295&amp;497_485&amp;503-0_0_7_24_33_33_13-182-19.jpg</filename>
  <object_num>1</object_num>
  <size>
    <width>720</width>
    <height>1160</height>
  </size>
  <object>
    <name>blue_plate</name>
    <difficult>0</difficult>
    <bndbox>
      <xmin>273</xmin>
      <ymin>493</ymin>
      <xmax>476</xmax>
      <ymax>579</ymax>
    </bndbox>
  </object>
</annotation>
