<?xml version='1.0' encoding='UTF-8'?>
<annotation>
  <filename>0108955938697-90_87-249&amp;464_436&amp;521-445&amp;517_254&amp;520_252&amp;456_443&amp;453-0_0_27_33_26_30_25-122-20.jpg</filename>
  <object_num>1</object_num>
  <size>
    <width>720</width>
    <height>1160</height>
  </size>
  <object>
    <name>blue_plate</name>
    <difficult>0</difficult>
    <bndbox>
      <xmin>240</xmin>
      <ymin>444</ymin>
      <xmax>441</xmax>
      <ymax>520</ymax>
    </bndbox>
  </object>
</annotation>
