<?xml version='1.0' encoding='UTF-8'?>
<annotation>
  <filename>0108081896552-90_87-267&amp;507_453&amp;571-453&amp;571_269&amp;571_267&amp;507_451&amp;507-0_0_3_30_33_30_28-163-14.jpg</filename>
  <object_num>1</object_num>
  <size>
    <width>720</width>
    <height>1160</height>
  </size>
  <object>
    <name>blue_plate</name>
    <difficult>0</difficult>
    <bndbox>
      <xmin>257</xmin>
      <ymin>496</ymin>
      <xmax>449</xmax>
      <ymax>571</ymax>
    </bndbox>
  </object>
</annotation>
