<?xml version='1.0' encoding='UTF-8'?>
<annotation>
  <filename>0108357279693-90_87-231&amp;441_433&amp;518-440&amp;512_229&amp;515_225&amp;442_436&amp;439-0_0_21_21_30_33_28-144-20.jpg</filename>
  <object_num>1</object_num>
  <size>
    <width>720</width>
    <height>1160</height>
  </size>
  <object>
    <name>blue_plate</name>
    <difficult>0</difficult>
    <bndbox>
      <xmin>212</xmin>
      <ymin>431</ymin>
      <xmax>436</xmax>
      <ymax>519</ymax>
    </bndbox>
  </object>
</annotation>
