<?xml version='1.0' encoding='UTF-8'?>
<annotation>
  <filename>0108620689655-90_82-239&amp;490_436&amp;558-444&amp;561_244&amp;556_227&amp;488_427&amp;493-0_0_8_22_26_30_29-121-42.jpg</filename>
  <object_num>1</object_num>
  <size>
    <width>720</width>
    <height>1160</height>
  </size>
  <object>
    <name>blue_plate</name>
    <difficult>0</difficult>
    <bndbox>
      <xmin>223</xmin>
      <ymin>481</ymin>
      <xmax>436</xmax>
      <ymax>565</ymax>
    </bndbox>
  </object>
</annotation>
