<?xml version='1.0' encoding='UTF-8'?>
<annotation>
  <filename>0108333333333-92_83-349&amp;497_538&amp;564-556&amp;560_348&amp;548_340&amp;484_548&amp;496-0_0_32_14_26_30_32-189-20.jpg</filename>
  <object_num>1</object_num>
  <size>
    <width>720</width>
    <height>1160</height>
  </size>
  <object>
    <name>blue_plate</name>
    <difficult>0</difficult>
    <bndbox>
      <xmin>331</xmin>
      <ymin>474</ymin>
      <xmax>553</xmax>
      <ymax>567</ymax>
    </bndbox>
  </object>
</annotation>
