<?xml version='1.0' encoding='UTF-8'?>
<annotation>
  <filename>0108045977012-97_85-309&amp;486_464&amp;556-472&amp;559_299&amp;538_303&amp;480_476&amp;501-0_0_30_31_3_31_31-126-38.jpg</filename>
  <object_num>1</object_num>
  <size>
    <width>720</width>
    <height>1160</height>
  </size>
  <object>
    <name>blue_plate</name>
    <difficult>0</difficult>
    <bndbox>
      <xmin>288</xmin>
      <ymin>475</ymin>
      <xmax>478</xmax>
      <ymax>558</ymax>
    </bndbox>
  </object>
</annotation>
