<?xml version='1.0' encoding='UTF-8'?>
<annotation>
  <filename>0108536877395-90_87-299&amp;546_505&amp;607-514&amp;605_300&amp;608_298&amp;540_512&amp;537-10_0_12_32_27_30_13-135-30.jpg</filename>
  <object_num>1</object_num>
  <size>
    <width>720</width>
    <height>1160</height>
  </size>
  <object>
    <name>blue_plate</name>
    <difficult>0</difficult>
    <bndbox>
      <xmin>285</xmin>
      <ymin>531</ymin>
      <xmax>511</xmax>
      <ymax>612</ymax>
    </bndbox>
  </object>
</annotation>
