<?xml version='1.0' encoding='UTF-8'?>
<annotation>
  <filename>0108620689655-92_86-271&amp;530_466&amp;593-463&amp;600_268&amp;586_265&amp;523_460&amp;537-0_0_8_32_16_30_32-68-5.jpg</filename>
  <object_num>1</object_num>
  <size>
    <width>720</width>
    <height>1160</height>
  </size>
  <object>
    <name>blue_plate</name>
    <difficult>0</difficult>
    <bndbox>
      <xmin>249</xmin>
      <ymin>522</ymin>
      <xmax>463</xmax>
      <ymax>592</ymax>
    </bndbox>
  </object>
</annotation>
