<?xml version='1.0' encoding='UTF-8'?>
<annotation>
  <filename>0108656609195-85_88-258&amp;457_443&amp;522-446&amp;508_264&amp;521_252&amp;462_434&amp;449-0_0_4_30_4_29_33-112-31.jpg</filename>
  <object_num>1</object_num>
  <size>
    <width>720</width>
    <height>1160</height>
  </size>
  <object>
    <name>blue_plate</name>
    <difficult>0</difficult>
    <bndbox>
      <xmin>246</xmin>
      <ymin>444</ymin>
      <xmax>444</xmax>
      <ymax>519</ymax>
    </bndbox>
  </object>
</annotation>
