<?xml version='1.0' encoding='UTF-8'?>
<annotation>
  <filename>0108692528736-90_95-254&amp;346_474&amp;415-476&amp;420_246&amp;416_249&amp;339_479&amp;343-0_0_28_30_30_30_24-188-22.jpg</filename>
  <object_num>1</object_num>
  <size>
    <width>720</width>
    <height>1160</height>
  </size>
  <object>
    <name>blue_plate</name>
    <difficult>0</difficult>
    <bndbox>
      <xmin>232</xmin>
      <ymin>333</ymin>
      <xmax>473</xmax>
      <ymax>420</ymax>
    </bndbox>
  </object>
</annotation>
