<?xml version='1.0' encoding='UTF-8'?>
<annotation>
  <filename>0108955938697-90_85-378&amp;315_564&amp;379-573&amp;372_385&amp;383_379&amp;313_567&amp;302-0_0_1_11_24_28_24-118-26.jpg</filename>
  <object_num>1</object_num>
  <size>
    <width>720</width>
    <height>1160</height>
  </size>
  <object>
    <name>blue_plate</name>
    <difficult>0</difficult>
    <bndbox>
      <xmin>365</xmin>
      <ymin>297</ymin>
      <xmax>569</xmax>
      <ymax>386</ymax>
    </bndbox>
  </object>
</annotation>
