<?xml version='1.0' encoding='UTF-8'?>
<annotation>
  <filename>0108620689655-90_83-235&amp;665_409&amp;728-409&amp;733_239&amp;723_231&amp;661_401&amp;671-0_0_1_24_4_26_26-104-16.jpg</filename>
  <object_num>1</object_num>
  <size>
    <width>720</width>
    <height>1160</height>
  </size>
  <object>
    <name>blue_plate</name>
    <difficult>0</difficult>
    <bndbox>
      <xmin>223</xmin>
      <ymin>660</ymin>
      <xmax>410</xmax>
      <ymax>732</ymax>
    </bndbox>
  </object>
</annotation>
