<?xml version='1.0' encoding='UTF-8'?>
<annotation>
  <filename>0108512931034-90_89-224&amp;424_435&amp;491-436&amp;498_222&amp;493_227&amp;419_441&amp;424-0_0_5_11_30_25_33-112-21.jpg</filename>
  <object_num>1</object_num>
  <size>
    <width>720</width>
    <height>1160</height>
  </size>
  <object>
    <name>blue_plate</name>
    <difficult>0</difficult>
    <bndbox>
      <xmin>204</xmin>
      <ymin>413</ymin>
      <xmax>436</xmax>
      <ymax>499</ymax>
    </bndbox>
  </object>
</annotation>
