<?xml version='1.0' encoding='UTF-8'?>
<annotation>
  <filename>0108536877395-91_84-244&amp;507_442&amp;577-445&amp;578_247&amp;567_242&amp;501_440&amp;512-0_0_16_29_32_24_33-86-18.jpg</filename>
  <object_num>1</object_num>
  <size>
    <width>720</width>
    <height>1160</height>
  </size>
  <object>
    <name>blue_plate</name>
    <difficult>0</difficult>
    <bndbox>
      <xmin>237</xmin>
      <ymin>495</ymin>
      <xmax>444</xmax>
      <ymax>574</ymax>
    </bndbox>
  </object>
</annotation>
