<?xml version='1.0' encoding='UTF-8'?>
<annotation>
  <filename>0109782088123-90_85-280&amp;483_465&amp;561-467&amp;555_285&amp;554_279&amp;489_461&amp;490-0_0_4_8_24_29_25-77-29.jpg</filename>
  <object_num>1</object_num>
  <size>
    <width>720</width>
    <height>1160</height>
  </size>
  <object>
    <name>blue_plate</name>
    <difficult>0</difficult>
    <bndbox>
      <xmin>276</xmin>
      <ymin>482</ymin>
      <xmax>464</xmax>
      <ymax>558</ymax>
    </bndbox>
  </object>
</annotation>
