<?xml version='1.0' encoding='UTF-8'?>
<annotation>
  <filename>0109877873563-93_87-436&amp;425_612&amp;495-617&amp;496_436&amp;486_440&amp;424_621&amp;434-0_0_0_26_25_29_13-75-15.jpg</filename>
  <object_num>1</object_num>
  <size>
    <width>720</width>
    <height>1160</height>
  </size>
  <object>
    <name>blue_plate</name>
    <difficult>0</difficult>
    <bndbox>
      <xmin>426</xmin>
      <ymin>420</ymin>
      <xmax>615</xmax>
      <ymax>494</ymax>
    </bndbox>
  </object>
</annotation>
