<?xml version='1.0' encoding='UTF-8'?>
<annotation>
  <filename>0109267241379-92_87-338&amp;443_522&amp;506-520&amp;505_348&amp;499_349&amp;442_521&amp;448-0_0_23_8_27_30_33-82-27.jpg</filename>
  <object_num>1</object_num>
  <size>
    <width>720</width>
    <height>1160</height>
  </size>
  <object>
    <name>blue_plate</name>
    <difficult>0</difficult>
    <bndbox>
      <xmin>341</xmin>
      <ymin>436</ymin>
      <xmax>520</xmax>
      <ymax>506</ymax>
    </bndbox>
  </object>
</annotation>
