<?xml version='1.0' encoding='UTF-8'?>
<annotation>
  <filename>0109782088123-90_89-416&amp;326_596&amp;395-595&amp;394_414&amp;389_418&amp;327_599&amp;332-0_0_2_25_29_32_26-114-18.jpg</filename>
  <object_num>1</object_num>
  <size>
    <width>720</width>
    <height>1160</height>
  </size>
  <object>
    <name>blue_plate</name>
    <difficult>0</difficult>
    <bndbox>
      <xmin>405</xmin>
      <ymin>322</ymin>
      <xmax>600</xmax>
      <ymax>394</ymax>
    </bndbox>
  </object>
</annotation>
