<?xml version='1.0' encoding='UTF-8'?>
<annotation>
  <filename>0109375-90_94-199&amp;443_357&amp;512-346&amp;512_211&amp;512_218&amp;442_353&amp;442-0_0_24_30_27_32_24-169-33.jpg</filename>
  <object_num>1</object_num>
  <size>
    <width>720</width>
    <height>1160</height>
  </size>
  <object>
    <name>blue_plate</name>
    <difficult>0</difficult>
    <bndbox>
      <xmin>198</xmin>
      <ymin>435</ymin>
      <xmax>345</xmax>
      <ymax>513</ymax>
    </bndbox>
  </object>
</annotation>
