<?xml version='1.0' encoding='UTF-8'?>
<annotation>
  <filename>0109195402299-90_88-327&amp;535_500&amp;604-488&amp;600_330&amp;602_335&amp;538_493&amp;536-0_0_4_4_29_27_33-163-37.jpg</filename>
  <object_num>1</object_num>
  <size>
    <width>720</width>
    <height>1160</height>
  </size>
  <object>
    <name>blue_plate</name>
    <difficult>0</difficult>
    <bndbox>
      <xmin>322</xmin>
      <ymin>531</ymin>
      <xmax>488</xmax>
      <ymax>604</ymax>
    </bndbox>
  </object>
</annotation>
