<?xml version='1.0' encoding='UTF-8'?>
<annotation>
  <filename>010930316092-90_92-257&amp;497_445&amp;561-455&amp;554_257&amp;558_262&amp;491_460&amp;487-0_0_29_1_31_30_30-138-28.jpg</filename>
  <object_num>1</object_num>
  <size>
    <width>720</width>
    <height>1160</height>
  </size>
  <object>
    <name>blue_plate</name>
    <difficult>0</difficult>
    <bndbox>
      <xmin>247</xmin>
      <ymin>478</ymin>
      <xmax>459</xmax>
      <ymax>561</ymax>
    </bndbox>
  </object>
</annotation>
