<?xml version='1.0' encoding='UTF-8'?>
<annotation>
  <filename>0109710249042-90_90-376&amp;498_585&amp;564-593&amp;561_371&amp;566_371&amp;495_593&amp;490-0_0_25_32_27_12_24-97-7.jpg</filename>
  <object_num>1</object_num>
  <size>
    <width>720</width>
    <height>1160</height>
  </size>
  <object>
    <name>blue_plate</name>
    <difficult>0</difficult>
    <bndbox>
      <xmin>365</xmin>
      <ymin>484</ymin>
      <xmax>595</xmax>
      <ymax>566</ymax>
    </bndbox>
  </object>
</annotation>
