<?xml version='1.0' encoding='UTF-8'?>
<annotation>
  <filename>0109267241379-91_80-255&amp;377_447&amp;459-461&amp;459_250&amp;462_233&amp;385_444&amp;382-0_0_13_32_24_25_4-161-36.jpg</filename>
  <object_num>1</object_num>
  <size>
    <width>720</width>
    <height>1160</height>
  </size>
  <object>
    <name>blue_plate</name>
    <difficult>0</difficult>
    <bndbox>
      <xmin>231</xmin>
      <ymin>375</ymin>
      <xmax>453</xmax>
      <ymax>463</ymax>
    </bndbox>
  </object>
</annotation>
