<?xml version='1.0' encoding='UTF-8'?>
<annotation>
  <filename>0109794061303-105_73-352&amp;505_500&amp;597-487&amp;603_350&amp;558_363&amp;502_500&amp;547-0_0_21_27_26_24_12-115-19.jpg</filename>
  <object_num>1</object_num>
  <size>
    <width>720</width>
    <height>1160</height>
  </size>
  <object>
    <name>blue_plate</name>
    <difficult>0</difficult>
    <bndbox>
      <xmin>346</xmin>
      <ymin>508</ymin>
      <xmax>500</xmax>
      <ymax>606</ymax>
    </bndbox>
  </object>
</annotation>
