<?xml version='1.0' encoding='UTF-8'?>
<annotation>
  <filename>0109291187739-86_85-175&amp;447_382&amp;520-395&amp;518_190&amp;528_171&amp;458_376&amp;448-0_0_10_31_25_27_12-27-11.jpg</filename>
  <object_num>1</object_num>
  <size>
    <width>720</width>
    <height>1160</height>
  </size>
  <object>
    <name>blue_plate</name>
    <difficult>0</difficult>
    <bndbox>
      <xmin>167</xmin>
      <ymin>442</ymin>
      <xmax>391</xmax>
      <ymax>524</ymax>
    </bndbox>
  </object>
</annotation>
