<?xml version='1.0' encoding='UTF-8'?>
<annotation>
  <filename>0109913793103-92_81-269&amp;500_452&amp;589-450&amp;583_276&amp;567_267&amp;505_441&amp;521-0_0_30_31_33_17_32-120-32.jpg</filename>
  <object_num>1</object_num>
  <size>
    <width>720</width>
    <height>1160</height>
  </size>
  <object>
    <name>blue_plate</name>
    <difficult>0</difficult>
    <bndbox>
      <xmin>262</xmin>
      <ymin>504</ymin>
      <xmax>447</xmax>
      <ymax>584</ymax>
    </bndbox>
  </object>
</annotation>
