<?xml version='1.0' encoding='UTF-8'?>
<annotation>
  <filename>0109913793103-90_88-215&amp;508_413&amp;584-414&amp;573_213&amp;575_212&amp;509_413&amp;507-0_0_33_20_33_25_24-126-22.jpg</filename>
  <object_num>1</object_num>
  <size>
    <width>720</width>
    <height>1160</height>
  </size>
  <object>
    <name>blue_plate</name>
    <difficult>0</difficult>
    <bndbox>
      <xmin>200</xmin>
      <ymin>499</ymin>
      <xmax>409</xmax>
      <ymax>575</ymax>
    </bndbox>
  </object>
</annotation>
