<?xml version='1.0' encoding='UTF-8'?>
<annotation>
  <filename>0109710249042-90_89-223&amp;452_433&amp;519-439&amp;515_243&amp;515_242&amp;454_438&amp;454-0_0_10_16_30_24_30-90-20.jpg</filename>
  <object_num>1</object_num>
  <size>
    <width>720</width>
    <height>1160</height>
  </size>
  <object>
    <name>blue_plate</name>
    <difficult>0</difficult>
    <bndbox>
      <xmin>227</xmin>
      <ymin>444</ymin>
      <xmax>439</xmax>
      <ymax>517</ymax>
    </bndbox>
  </object>
</annotation>
