<?xml version='1.0' encoding='UTF-8'?>
<annotation>
  <filename>0109578544061-89_91-271&amp;499_474&amp;562-477&amp;560_266&amp;566_265&amp;492_476&amp;486-0_0_14_17_31_29_29-148-10.jpg</filename>
  <object_num>1</object_num>
  <size>
    <width>720</width>
    <height>1160</height>
  </size>
  <object>
    <name>blue_plate</name>
    <difficult>0</difficult>
    <bndbox>
      <xmin>252</xmin>
      <ymin>479</ymin>
      <xmax>477</xmax>
      <ymax>565</ymax>
    </bndbox>
  </object>
</annotation>
