<?xml version='1.0' encoding='UTF-8'?>
<annotation>
  <filename>0109291187739-89_84-170&amp;373_357&amp;441-351&amp;445_168&amp;432_158&amp;365_341&amp;378-0_0_2_24_19_25_25-89-21.jpg</filename>
  <object_num>1</object_num>
  <size>
    <width>720</width>
    <height>1160</height>
  </size>
  <object>
    <name>blue_plate</name>
    <difficult>0</difficult>
    <bndbox>
      <xmin>157</xmin>
      <ymin>361</ymin>
      <xmax>347</xmax>
      <ymax>441</ymax>
    </bndbox>
  </object>
</annotation>
