<?xml version='1.0' encoding='UTF-8'?>
<annotation>
  <filename>0109123563218-90_90-237&amp;467_448&amp;524-445&amp;535_243&amp;535_236&amp;463_438&amp;463-0_0_23_31_26_33_10-191-16.jpg</filename>
  <object_num>1</object_num>
  <size>
    <width>720</width>
    <height>1160</height>
  </size>
  <object>
    <name>blue_plate</name>
    <difficult>0</difficult>
    <bndbox>
      <xmin>233</xmin>
      <ymin>458</ymin>
      <xmax>437</xmax>
      <ymax>537</ymax>
    </bndbox>
  </object>
</annotation>
