<?xml version='1.0' encoding='UTF-8'?>
<annotation>
  <filename>0109913793103-90_76-249&amp;492_438&amp;574-450&amp;580_254&amp;575_227&amp;497_423&amp;502-0_0_27_33_13_29_31-151-57.jpg</filename>
  <object_num>1</object_num>
  <size>
    <width>720</width>
    <height>1160</height>
  </size>
  <object>
    <name>blue_plate</name>
    <difficult>0</difficult>
    <bndbox>
      <xmin>225</xmin>
      <ymin>487</ymin>
      <xmax>450</xmax>
      <ymax>586</ymax>
    </bndbox>
  </object>
</annotation>
