<?xml version='1.0' encoding='UTF-8'?>
<annotation>
  <filename>0109578544061-89_87-212&amp;349_398&amp;417-400&amp;416_212&amp;418_198&amp;353_386&amp;351-0_0_7_26_10_32_32-126-27.jpg</filename>
  <object_num>1</object_num>
  <size>
    <width>720</width>
    <height>1160</height>
  </size>
  <object>
    <name>blue_plate</name>
    <difficult>0</difficult>
    <bndbox>
      <xmin>198</xmin>
      <ymin>340</ymin>
      <xmax>397</xmax>
      <ymax>425</ymax>
    </bndbox>
  </object>
</annotation>
