<?xml version='1.0' encoding='UTF-8'?>
<annotation>
  <filename>0109267241379-90_87-227&amp;510_404&amp;584-404&amp;584_221&amp;572_221&amp;511_404&amp;523-0_0_32_24_32_14_31-98-16.jpg</filename>
  <object_num>1</object_num>
  <size>
    <width>720</width>
    <height>1160</height>
  </size>
  <object>
    <name>blue_plate</name>
    <difficult>0</difficult>
    <bndbox>
      <xmin>210</xmin>
      <ymin>505</ymin>
      <xmax>407</xmax>
      <ymax>585</ymax>
    </bndbox>
  </object>
</annotation>
