<?xml version='1.0' encoding='UTF-8'?>
<annotation>
  <filename>0109171455939-90_91-312&amp;499_522&amp;559-524&amp;562_306&amp;566_310&amp;491_528&amp;487-0_0_29_1_26_27_26-133-39.jpg</filename>
  <object_num>1</object_num>
  <size>
    <width>720</width>
    <height>1160</height>
  </size>
  <object>
    <name>blue_plate</name>
    <difficult>0</difficult>
    <bndbox>
      <xmin>285</xmin>
      <ymin>482</ymin>
      <xmax>524</xmax>
      <ymax>562</ymax>
    </bndbox>
  </object>
</annotation>
