<?xml version='1.0' encoding='UTF-8'?>
<annotation>
  <filename>0109877873563-92_87-288&amp;506_477&amp;586-462&amp;586_295&amp;572_302&amp;511_469&amp;525-0_0_8_5_29_32_30-146-19.jpg</filename>
  <object_num>1</object_num>
  <size>
    <width>720</width>
    <height>1160</height>
  </size>
  <object>
    <name>blue_plate</name>
    <difficult>0</difficult>
    <bndbox>
      <xmin>287</xmin>
      <ymin>508</ymin>
      <xmax>462</xmax>
      <ymax>586</ymax>
    </bndbox>
  </object>
</annotation>
