<?xml version='1.0' encoding='UTF-8'?>
<annotation>
  <filename>0109841954023-96_81-296&amp;486_447&amp;574-446&amp;572_292&amp;539_286&amp;472_440&amp;505-0_0_29_26_1_0_24-128-33.jpg</filename>
  <object_num>1</object_num>
  <size>
    <width>720</width>
    <height>1160</height>
  </size>
  <object>
    <name>blue_plate</name>
    <difficult>0</difficult>
    <bndbox>
      <xmin>283</xmin>
      <ymin>474</ymin>
      <xmax>447</xmax>
      <ymax>573</ymax>
    </bndbox>
  </object>
</annotation>
