<?xml version='1.0' encoding='UTF-8'?>
<annotation>
  <filename>0109578544061-90_84-165&amp;502_360&amp;582-367&amp;570_184&amp;565_177&amp;503_360&amp;508-0_7_22_16_25_25_25-96-11.jpg</filename>
  <object_num>1</object_num>
  <size>
    <width>720</width>
    <height>1160</height>
  </size>
  <object>
    <name>blue_plate</name>
    <difficult>0</difficult>
    <bndbox>
      <xmin>174</xmin>
      <ymin>495</ymin>
      <xmax>361</xmax>
      <ymax>570</ymax>
    </bndbox>
  </object>
</annotation>
