<?xml version='1.0' encoding='UTF-8'?>
<annotation>
  <filename>0109267241379-91_89-194&amp;535_380&amp;603-386&amp;598_207&amp;597_210&amp;538_389&amp;539-0_0_16_7_28_33_24-112-13.jpg</filename>
  <object_num>1</object_num>
  <size>
    <width>720</width>
    <height>1160</height>
  </size>
  <object>
    <name>blue_plate</name>
    <difficult>0</difficult>
    <bndbox>
      <xmin>190</xmin>
      <ymin>529</ymin>
      <xmax>384</xmax>
      <ymax>602</ymax>
    </bndbox>
  </object>
</annotation>
