<?xml version='1.0' encoding='UTF-8'?>
<annotation>
  <filename>0109913793103-90_91-248&amp;370_478&amp;430-474&amp;435_238&amp;433_237&amp;359_473&amp;361-0_0_20_17_30_24_30-73-40.jpg</filename>
  <object_num>1</object_num>
  <size>
    <width>720</width>
    <height>1160</height>
  </size>
  <object>
    <name>blue_plate</name>
    <difficult>0</difficult>
    <bndbox>
      <xmin>223</xmin>
      <ymin>349</ymin>
      <xmax>474</xmax>
      <ymax>437</ymax>
    </bndbox>
  </object>
</annotation>
