<?xml version='1.0' encoding='UTF-8'?>
<annotation>
  <filename>0109195402299-90_90-263&amp;422_455&amp;489-457&amp;503_255&amp;490_260&amp;415_462&amp;428-0_0_22_32_1_28_32-132-20.jpg</filename>
  <object_num>1</object_num>
  <size>
    <width>720</width>
    <height>1160</height>
  </size>
  <object>
    <name>blue_plate</name>
    <difficult>0</difficult>
    <bndbox>
      <xmin>240</xmin>
      <ymin>405</ymin>
      <xmax>456</xmax>
      <ymax>507</ymax>
    </bndbox>
  </object>
</annotation>
