<?xml version='1.0' encoding='UTF-8'?>
<annotation>
  <filename>0110524425288-90_92-214&amp;531_415&amp;592-415&amp;599_218&amp;603_228&amp;535_425&amp;531-1_1_12_10_24_32_26-48-12.jpg</filename>
  <object_num>1</object_num>
  <size>
    <width>720</width>
    <height>1160</height>
  </size>
  <object>
    <name>blue_plate</name>
    <difficult>0</difficult>
    <bndbox>
      <xmin>219</xmin>
      <ymin>529</ymin>
      <xmax>417</xmax>
      <ymax>599</ymax>
    </bndbox>
  </object>
</annotation>
