<?xml version='1.0' encoding='UTF-8'?>
<annotation>
  <filename>0110560344828-90_92-320&amp;526_507&amp;589-498&amp;584_307&amp;600_327&amp;529_518&amp;513-0_0_9_20_24_26_32-111-17.jpg</filename>
  <object_num>1</object_num>
  <size>
    <width>720</width>
    <height>1160</height>
  </size>
  <object>
    <name>blue_plate</name>
    <difficult>0</difficult>
    <bndbox>
      <xmin>298</xmin>
      <ymin>507</ymin>
      <xmax>507</xmax>
      <ymax>594</ymax>
    </bndbox>
  </object>
</annotation>
