<?xml version='1.0' encoding='UTF-8'?>
<annotation>
  <filename>0110560344828-91_84-352&amp;386_542&amp;458-552&amp;462_348&amp;456_352&amp;381_556&amp;387-0_0_27_29_9_27_30-124-14.jpg</filename>
  <object_num>1</object_num>
  <size>
    <width>720</width>
    <height>1160</height>
  </size>
  <object>
    <name>blue_plate</name>
    <difficult>0</difficult>
    <bndbox>
      <xmin>339</xmin>
      <ymin>376</ymin>
      <xmax>554</xmax>
      <ymax>459</ymax>
    </bndbox>
  </object>
</annotation>
