<?xml version='1.0' encoding='UTF-8'?>
<annotation>
  <filename>0110416666667-89_89-198&amp;425_394&amp;492-376&amp;478_204&amp;487_206&amp;431_378&amp;422-0_0_8_25_33_33_19-76-162.jpg</filename>
  <object_num>1</object_num>
  <size>
    <width>720</width>
    <height>1160</height>
  </size>
  <object>
    <name>blue_plate</name>
    <difficult>0</difficult>
    <bndbox>
      <xmin>193</xmin>
      <ymin>418</ymin>
      <xmax>378</xmax>
      <ymax>486</ymax>
    </bndbox>
  </object>
</annotation>
