<?xml version='1.0' encoding='UTF-8'?>
<annotation>
  <filename>011082375479-91_85-397&amp;501_588&amp;562-587&amp;558_399&amp;559_398&amp;494_586&amp;493-0_10_31_5_33_29_32-129-39.jpg</filename>
  <object_num>1</object_num>
  <size>
    <width>720</width>
    <height>1160</height>
  </size>
  <object>
    <name>blue_plate</name>
    <difficult>0</difficult>
    <bndbox>
      <xmin>387</xmin>
      <ymin>489</ymin>
      <xmax>585</xmax>
      <ymax>560</ymax>
    </bndbox>
  </object>
</annotation>
