<?xml version='1.0' encoding='UTF-8'?>
<annotation>
  <filename>0110751915709-89_88-238&amp;481_435&amp;539-434&amp;539_242&amp;540_233&amp;476_425&amp;475-0_12_26_23_29_26_32-153-38.jpg</filename>
  <object_num>1</object_num>
  <size>
    <width>720</width>
    <height>1160</height>
  </size>
  <object>
    <name>blue_plate</name>
    <difficult>0</difficult>
    <bndbox>
      <xmin>230</xmin>
      <ymin>466</ymin>
      <xmax>426</xmax>
      <ymax>543</ymax>
    </bndbox>
  </object>
</annotation>
