<?xml version='1.0' encoding='UTF-8'?>
<annotation>
  <filename>0110296934866-90_93-287&amp;540_502&amp;596-507&amp;596_293&amp;598_292&amp;533_506&amp;531-0_0_29_21_28_28_28-84-40.jpg</filename>
  <object_num>1</object_num>
  <size>
    <width>720</width>
    <height>1160</height>
  </size>
  <object>
    <name>blue_plate</name>
    <difficult>0</difficult>
    <bndbox>
      <xmin>281</xmin>
      <ymin>524</ymin>
      <xmax>503</xmax>
      <ymax>594</ymax>
    </bndbox>
  </object>
</annotation>
