<?xml version='1.0' encoding='UTF-8'?>
<annotation>
  <filename>0110153256705-90_85-346&amp;338_544&amp;401-540&amp;400_349&amp;404_348&amp;338_539&amp;334-0_0_30_29_15_26_33-129-49.jpg</filename>
  <object_num>1</object_num>
  <size>
    <width>720</width>
    <height>1160</height>
  </size>
  <object>
    <name>blue_plate</name>
    <difficult>0</difficult>
    <bndbox>
      <xmin>338</xmin>
      <ymin>329</ymin>
      <xmax>536</xmax>
      <ymax>405</ymax>
    </bndbox>
  </object>
</annotation>
