<?xml version='1.0' encoding='UTF-8'?>
<annotation>
  <filename>0110632183908-90_88-325&amp;544_506&amp;620-517&amp;620_324&amp;620_326&amp;548_519&amp;548-0_0_21_32_6_25_24-100-20.jpg</filename>
  <object_num>1</object_num>
  <size>
    <width>720</width>
    <height>1160</height>
  </size>
  <object>
    <name>blue_plate</name>
    <difficult>0</difficult>
    <bndbox>
      <xmin>313</xmin>
      <ymin>539</ymin>
      <xmax>514</xmax>
      <ymax>618</ymax>
    </bndbox>
  </object>
</annotation>
