<?xml version='1.0' encoding='UTF-8'?>
<annotation>
  <filename>0110296934866-90_92-251&amp;453_476&amp;511-485&amp;519_242&amp;520_236&amp;443_479&amp;442-0_0_17_15_26_27_27-125-38.jpg</filename>
  <object_num>1</object_num>
  <size>
    <width>720</width>
    <height>1160</height>
  </size>
  <object>
    <name>blue_plate</name>
    <difficult>0</difficult>
    <bndbox>
      <xmin>233</xmin>
      <ymin>433</ymin>
      <xmax>484</xmax>
      <ymax>514</ymax>
    </bndbox>
  </object>
</annotation>
