<?xml version='1.0' encoding='UTF-8'?>
<annotation>
  <filename>0110129310345-98_81-191&amp;491_340&amp;587-333&amp;591_200&amp;560_201&amp;488_334&amp;519-0_0_25_27_32_20_30-105-15.jpg</filename>
  <object_num>1</object_num>
  <size>
    <width>720</width>
    <height>1160</height>
  </size>
  <object>
    <name>blue_plate</name>
    <difficult>0</difficult>
    <bndbox>
      <xmin>187</xmin>
      <ymin>490</ymin>
      <xmax>339</xmax>
      <ymax>597</ymax>
    </bndbox>
  </object>
</annotation>
