<?xml version='1.0' encoding='UTF-8'?>
<annotation>
  <filename>0110704022988-90_83-206&amp;508_420&amp;582-428&amp;576_215&amp;570_193&amp;500_406&amp;506-0_0_5_17_33_33_33-97-28.jpg</filename>
  <object_num>1</object_num>
  <size>
    <width>720</width>
    <height>1160</height>
  </size>
  <object>
    <name>blue_plate</name>
    <difficult>0</difficult>
    <bndbox>
      <xmin>192</xmin>
      <ymin>494</ymin>
      <xmax>421</xmax>
      <ymax>579</ymax>
    </bndbox>
  </object>
</annotation>
