<?xml version='1.0' encoding='UTF-8'?>
<annotation>
  <filename>0110416666667-90_92-180&amp;484_382&amp;548-381&amp;543_180&amp;547_181&amp;478_382&amp;474-0_0_29_33_33_25_24-156-30.jpg</filename>
  <object_num>1</object_num>
  <size>
    <width>720</width>
    <height>1160</height>
  </size>
  <object>
    <name>blue_plate</name>
    <difficult>0</difficult>
    <bndbox>
      <xmin>166</xmin>
      <ymin>468</ymin>
      <xmax>379</xmax>
      <ymax>548</ymax>
    </bndbox>
  </object>
</annotation>
