<?xml version='1.0' encoding='UTF-8'?>
<annotation>
  <filename>0110560344828-91_88-268&amp;522_453&amp;585-458&amp;588_276&amp;588_281&amp;515_463&amp;515-0_16_3_15_26_33_33-91-15.jpg</filename>
  <object_num>1</object_num>
  <size>
    <width>720</width>
    <height>1160</height>
  </size>
  <object>
    <name>blue_plate</name>
    <difficult>0</difficult>
    <bndbox>
      <xmin>269</xmin>
      <ymin>506</ymin>
      <xmax>453</xmax>
      <ymax>587</ymax>
    </bndbox>
  </object>
</annotation>
