<?xml version='1.0' encoding='UTF-8'?>
<annotation>
  <filename>0110524425288-90_87-283&amp;514_478&amp;576-475&amp;572_286&amp;574_285&amp;513_474&amp;511-0_0_22_33_33_33_7-109-49.jpg</filename>
  <object_num>1</object_num>
  <size>
    <width>720</width>
    <height>1160</height>
  </size>
  <object>
    <name>blue_plate</name>
    <difficult>0</difficult>
    <bndbox>
      <xmin>275</xmin>
      <ymin>502</ymin>
      <xmax>470</xmax>
      <ymax>576</ymax>
    </bndbox>
  </object>
</annotation>
