<?xml version='1.0' encoding='UTF-8'?>
<annotation>
  <filename>0110632183908-91_95-222&amp;471_408&amp;530-398&amp;541_232&amp;542_246&amp;462_412&amp;461-0_0_22_33_22_29_29-153-34.jpg</filename>
  <object_num>1</object_num>
  <size>
    <width>720</width>
    <height>1160</height>
  </size>
  <object>
    <name>blue_plate</name>
    <difficult>0</difficult>
    <bndbox>
      <xmin>218</xmin>
      <ymin>455</ymin>
      <xmax>399</xmax>
      <ymax>543</ymax>
    </bndbox>
  </object>
</annotation>
