<?xml version='1.0' encoding='UTF-8'?>
<annotation>
  <filename>0110632183908-92_83-352&amp;587_551&amp;667-563&amp;670_345&amp;658_344&amp;587_562&amp;599-0_0_11_33_11_30_26-176-38.jpg</filename>
  <object_num>1</object_num>
  <size>
    <width>720</width>
    <height>1160</height>
  </size>
  <object>
    <name>blue_plate</name>
    <difficult>0</difficult>
    <bndbox>
      <xmin>339</xmin>
      <ymin>581</ymin>
      <xmax>561</xmax>
      <ymax>677</ymax>
    </bndbox>
  </object>
</annotation>
