<?xml version='1.0' encoding='UTF-8'?>
<annotation>
  <filename>0110524425288-90_87-348&amp;505_544&amp;565-543&amp;567_350&amp;565_350&amp;498_543&amp;500-0_0_18_3_29_33_25-141-16.jpg</filename>
  <object_num>1</object_num>
  <size>
    <width>720</width>
    <height>1160</height>
  </size>
  <object>
    <name>blue_plate</name>
    <difficult>0</difficult>
    <bndbox>
      <xmin>336</xmin>
      <ymin>490</ymin>
      <xmax>555</xmax>
      <ymax>566</ymax>
    </bndbox>
  </object>
</annotation>
