<?xml version='1.0' encoding='UTF-8'?>
<annotation>
  <filename>0110416666667-90_91-252&amp;427_442&amp;495-451&amp;495_249&amp;497_250&amp;427_452&amp;425-0_0_29_26_14_32_31-151-20.jpg</filename>
  <object_num>1</object_num>
  <size>
    <width>720</width>
    <height>1160</height>
  </size>
  <object>
    <name>blue_plate</name>
    <difficult>0</difficult>
    <bndbox>
      <xmin>233</xmin>
      <ymin>415</ymin>
      <xmax>456</xmax>
      <ymax>498</ymax>
    </bndbox>
  </object>
</annotation>
