<?xml version='1.0' encoding='UTF-8'?>
<annotation>
  <filename>011082375479-90_92-279&amp;522_478&amp;590-472&amp;589_275&amp;589_276&amp;523_473&amp;523-0_0_33_26_28_28_28-84-31.jpg</filename>
  <object_num>1</object_num>
  <size>
    <width>720</width>
    <height>1160</height>
  </size>
  <object>
    <name>blue_plate</name>
    <difficult>0</difficult>
    <bndbox>
      <xmin>266</xmin>
      <ymin>513</ymin>
      <xmax>469</xmax>
      <ymax>593</ymax>
    </bndbox>
  </object>
</annotation>
