<?xml version='1.0' encoding='UTF-8'?>
<annotation>
  <filename>0110416666667-89_87-167&amp;547_365&amp;620-377&amp;614_167&amp;623_158&amp;559_368&amp;550-0_0_3_26_31_30_20-115-21.jpg</filename>
  <object_num>1</object_num>
  <size>
    <width>720</width>
    <height>1160</height>
  </size>
  <object>
    <name>blue_plate</name>
    <difficult>0</difficult>
    <bndbox>
      <xmin>148</xmin>
      <ymin>539</ymin>
      <xmax>376</xmax>
      <ymax>626</ymax>
    </bndbox>
  </object>
</annotation>
