<?xml version='1.0' encoding='UTF-8'?>
<annotation>
  <filename>0110560344828-90_89-329&amp;508_522&amp;580-517&amp;579_327&amp;582_329&amp;511_519&amp;508-0_0_27_26_8_27_29-138-37.jpg</filename>
  <object_num>1</object_num>
  <size>
    <width>720</width>
    <height>1160</height>
  </size>
  <object>
    <name>blue_plate</name>
    <difficult>0</difficult>
    <bndbox>
      <xmin>315</xmin>
      <ymin>502</ymin>
      <xmax>512</xmax>
      <ymax>580</ymax>
    </bndbox>
  </object>
</annotation>
