<?xml version='1.0' encoding='UTF-8'?>
<annotation>
  <filename>0110201149425-90_88-246&amp;488_445&amp;546-457&amp;555_241&amp;553_242&amp;480_458&amp;482-0_0_24_7_29_33_33-142-15.jpg</filename>
  <object_num>1</object_num>
  <size>
    <width>720</width>
    <height>1160</height>
  </size>
  <object>
    <name>blue_plate</name>
    <difficult>0</difficult>
    <bndbox>
      <xmin>226</xmin>
      <ymin>476</ymin>
      <xmax>461</xmax>
      <ymax>553</ymax>
    </bndbox>
  </object>
</annotation>
