<?xml version='1.0' encoding='UTF-8'?>
<annotation>
  <filename>0111853448276-90_89-331&amp;480_518&amp;543-513&amp;538_333&amp;544_336&amp;479_516&amp;473-0_0_24_33_26_26_26-103-28.jpg</filename>
  <object_num>1</object_num>
  <size>
    <width>720</width>
    <height>1160</height>
  </size>
  <object>
    <name>blue_plate</name>
    <difficult>0</difficult>
    <bndbox>
      <xmin>321</xmin>
      <ymin>463</ymin>
      <xmax>514</xmax>
      <ymax>544</ymax>
    </bndbox>
  </object>
</annotation>
