<?xml version='1.0' encoding='UTF-8'?>
<annotation>
  <filename>0111973180076-92_85-203&amp;412_382&amp;481-385&amp;491_198&amp;483_199&amp;412_386&amp;420-0_0_18_29_18_29_29-119-18.jpg</filename>
  <object_num>1</object_num>
  <size>
    <width>720</width>
    <height>1160</height>
  </size>
  <object>
    <name>blue_plate</name>
    <difficult>0</difficult>
    <bndbox>
      <xmin>185</xmin>
      <ymin>408</ymin>
      <xmax>388</xmax>
      <ymax>495</ymax>
    </bndbox>
  </object>
</annotation>
