<?xml version='1.0' encoding='UTF-8'?>
<annotation>
  <filename>0111350574712-89_90-290&amp;462_468&amp;535-478&amp;535_288&amp;536_289&amp;463_479&amp;462-0_11_17_11_30_29_30-63-12.jpg</filename>
  <object_num>1</object_num>
  <size>
    <width>720</width>
    <height>1160</height>
  </size>
  <object>
    <name>blue_plate</name>
    <difficult>0</difficult>
    <bndbox>
      <xmin>273</xmin>
      <ymin>456</ymin>
      <xmax>478</xmax>
      <ymax>537</ymax>
    </bndbox>
  </object>
</annotation>
