<?xml version='1.0' encoding='UTF-8'?>
<annotation>
  <filename>0111206896552-92_80-188&amp;532_378&amp;600-390&amp;603_204&amp;587_195&amp;521_381&amp;537-0_0_15_11_33_24_24-14-6.jpg</filename>
  <object_num>1</object_num>
  <size>
    <width>720</width>
    <height>1160</height>
  </size>
  <object>
    <name>blue_plate</name>
    <difficult>0</difficult>
    <bndbox>
      <xmin>184</xmin>
      <ymin>515</ymin>
      <xmax>401</xmax>
      <ymax>600</ymax>
    </bndbox>
  </object>
</annotation>
