<?xml version='1.0' encoding='UTF-8'?>
<annotation>
  <filename>0111015325671-89_90-206&amp;460_385&amp;538-392&amp;536_198&amp;546_197&amp;473_391&amp;463-0_0_33_12_33_24_31-115-35.jpg</filename>
  <object_num>1</object_num>
  <size>
    <width>720</width>
    <height>1160</height>
  </size>
  <object>
    <name>blue_plate</name>
    <difficult>0</difficult>
    <bndbox>
      <xmin>184</xmin>
      <ymin>457</ymin>
      <xmax>396</xmax>
      <ymax>548</ymax>
    </bndbox>
  </object>
</annotation>
