<?xml version='1.0' encoding='UTF-8'?>
<annotation>
  <filename>0111877394636-85_96-297&amp;487_468&amp;569-459&amp;556_288&amp;569_304&amp;510_475&amp;497-0_0_33_4_30_26_33-136-10.jpg</filename>
  <object_num>1</object_num>
  <size>
    <width>720</width>
    <height>1160</height>
  </size>
  <object>
    <name>blue_plate</name>
    <difficult>0</difficult>
    <bndbox>
      <xmin>274</xmin>
      <ymin>491</ymin>
      <xmax>469</xmax>
      <ymax>573</ymax>
    </bndbox>
  </object>
</annotation>
