<?xml version='1.0' encoding='UTF-8'?>
<annotation>
  <filename>0111111111111-91_90-340&amp;443_515&amp;500-522&amp;495_347&amp;504_344&amp;445_519&amp;436-0_0_2_23_26_31_25-119-35.jpg</filename>
  <object_num>1</object_num>
  <size>
    <width>720</width>
    <height>1160</height>
  </size>
  <object>
    <name>blue_plate</name>
    <difficult>0</difficult>
    <bndbox>
      <xmin>335</xmin>
      <ymin>429</ymin>
      <xmax>525</xmax>
      <ymax>499</ymax>
    </bndbox>
  </object>
</annotation>
