<?xml version='1.0' encoding='UTF-8'?>
<annotation>
  <filename>0111745689655-90_93-321&amp;504_521&amp;566-528&amp;574_318&amp;574_325&amp;492_535&amp;492-0_0_6_24_3_26_32-112-23.jpg</filename>
  <object_num>1</object_num>
  <size>
    <width>720</width>
    <height>1160</height>
  </size>
  <object>
    <name>blue_plate</name>
    <difficult>0</difficult>
    <bndbox>
      <xmin>304</xmin>
      <ymin>481</ymin>
      <xmax>529</xmax>
      <ymax>574</ymax>
    </bndbox>
  </object>
</annotation>
