<?xml version='1.0' encoding='UTF-8'?>
<annotation>
  <filename>0111470306514-90_80-254&amp;495_459&amp;550-457&amp;565_259&amp;556_250&amp;488_448&amp;497-0_0_25_33_33_18_24-144-60.jpg</filename>
  <object_num>1</object_num>
  <size>
    <width>720</width>
    <height>1160</height>
  </size>
  <object>
    <name>blue_plate</name>
    <difficult>0</difficult>
    <bndbox>
      <xmin>249</xmin>
      <ymin>481</ymin>
      <xmax>457</xmax>
      <ymax>564</ymax>
    </bndbox>
  </object>
</annotation>
