<?xml version='1.0' encoding='UTF-8'?>
<annotation>
  <filename>0111111111111-87_83-227&amp;331_404&amp;409-406&amp;395_250&amp;409_224&amp;349_380&amp;335-0_0_24_26_13_24_31-54-35.jpg</filename>
  <object_num>1</object_num>
  <size>
    <width>720</width>
    <height>1160</height>
  </size>
  <object>
    <name>blue_plate</name>
    <difficult>0</difficult>
    <bndbox>
      <xmin>222</xmin>
      <ymin>327</ymin>
      <xmax>401</xmax>
      <ymax>407</ymax>
    </bndbox>
  </object>
</annotation>
