<?xml version='1.0' encoding='UTF-8'?>
<annotation>
  <filename>0111949233717-90_88-339&amp;545_519&amp;611-521&amp;608_341&amp;607_343&amp;542_523&amp;543-0_0_18_11_29_27_30-163-31.jpg</filename>
  <object_num>1</object_num>
  <size>
    <width>720</width>
    <height>1160</height>
  </size>
  <object>
    <name>blue_plate</name>
    <difficult>0</difficult>
    <bndbox>
      <xmin>326</xmin>
      <ymin>535</ymin>
      <xmax>519</xmax>
      <ymax>612</ymax>
    </bndbox>
  </object>
</annotation>
