<?xml version='1.0' encoding='UTF-8'?>
<annotation>
  <filename>0111446360153-90_92-312&amp;514_508&amp;581-516&amp;585_304&amp;589_304&amp;518_516&amp;514-0_0_11_24_11_33_30-166-18.jpg</filename>
  <object_num>1</object_num>
  <size>
    <width>720</width>
    <height>1160</height>
  </size>
  <object>
    <name>blue_plate</name>
    <difficult>0</difficult>
    <bndbox>
      <xmin>291</xmin>
      <ymin>508</ymin>
      <xmax>512</xmax>
      <ymax>588</ymax>
    </bndbox>
  </object>
</annotation>
