<?xml version='1.0' encoding='UTF-8'?>
<annotation>
  <filename>0111949233717-90_89-268&amp;525_453&amp;587-453&amp;589_273&amp;584_262&amp;519_442&amp;524-0_0_7_29_30_27_16-72-7.jpg</filename>
  <object_num>1</object_num>
  <size>
    <width>720</width>
    <height>1160</height>
  </size>
  <object>
    <name>blue_plate</name>
    <difficult>0</difficult>
    <bndbox>
      <xmin>258</xmin>
      <ymin>511</ymin>
      <xmax>448</xmax>
      <ymax>586</ymax>
    </bndbox>
  </object>
</annotation>
