<?xml version='1.0' encoding='UTF-8'?>
<annotation>
  <filename>0111745689655-90_94-263&amp;523_468&amp;584-472&amp;583_265&amp;592_264&amp;521_471&amp;512-0_0_33_23_26_30_26-163-8.jpg</filename>
  <object_num>1</object_num>
  <size>
    <width>720</width>
    <height>1160</height>
  </size>
  <object>
    <name>blue_plate</name>
    <difficult>0</difficult>
    <bndbox>
      <xmin>253</xmin>
      <ymin>511</ymin>
      <xmax>476</xmax>
      <ymax>593</ymax>
    </bndbox>
  </object>
</annotation>
