<?xml version='1.0' encoding='UTF-8'?>
<annotation>
  <filename>0111973180076-91_92-335&amp;497_511&amp;565-512&amp;558_343&amp;553_345&amp;489_514&amp;494-0_0_7_31_27_25_17-71-29.jpg</filename>
  <object_num>1</object_num>
  <size>
    <width>720</width>
    <height>1160</height>
  </size>
  <object>
    <name>blue_plate</name>
    <difficult>0</difficult>
    <bndbox>
      <xmin>337</xmin>
      <ymin>484</ymin>
      <xmax>510</xmax>
      <ymax>555</ymax>
    </bndbox>
  </object>
</annotation>
