<?xml version='1.0' encoding='UTF-8'?>
<annotation>
  <filename>0111685823755-90_84-345&amp;482_531&amp;542-521&amp;540_354&amp;544_353&amp;484_520&amp;480-10_0_32_27_24_33_9-120-28.jpg</filename>
  <object_num>1</object_num>
  <size>
    <width>720</width>
    <height>1160</height>
  </size>
  <object>
    <name>blue_plate</name>
    <difficult>0</difficult>
    <bndbox>
      <xmin>338</xmin>
      <ymin>474</ymin>
      <xmax>526</xmax>
      <ymax>548</ymax>
    </bndbox>
  </object>
</annotation>
