<?xml version='1.0' encoding='UTF-8'?>
<annotation>
  <filename>011105124521-90_90-266&amp;484_462&amp;545-461&amp;541_263&amp;543_263&amp;475_461&amp;473-0_0_10_24_13_24_29-123-29.jpg</filename>
  <object_num>1</object_num>
  <size>
    <width>720</width>
    <height>1160</height>
  </size>
  <object>
    <name>blue_plate</name>
    <difficult>0</difficult>
    <bndbox>
      <xmin>251</xmin>
      <ymin>462</ymin>
      <xmax>456</xmax>
      <ymax>546</ymax>
    </bndbox>
  </object>
</annotation>
