<?xml version='1.0' encoding='UTF-8'?>
<annotation>
  <filename>0111853448276-90_82-198&amp;339_395&amp;405-391&amp;412_204&amp;396_194&amp;330_381&amp;346-0_0_28_28_29_21_30-22-13.jpg</filename>
  <object_num>1</object_num>
  <size>
    <width>720</width>
    <height>1160</height>
  </size>
  <object>
    <name>blue_plate</name>
    <difficult>0</difficult>
    <bndbox>
      <xmin>191</xmin>
      <ymin>332</ymin>
      <xmax>386</xmax>
      <ymax>411</ymax>
    </bndbox>
  </object>
</annotation>
