<?xml version='1.0' encoding='UTF-8'?>
<annotation>
  <filename>0111973180076-89_89-284&amp;444_462&amp;514-471&amp;516_288&amp;520_282&amp;446_465&amp;442-0_0_24_22_32_30_31-96-23.jpg</filename>
  <object_num>1</object_num>
  <size>
    <width>720</width>
    <height>1160</height>
  </size>
  <object>
    <name>blue_plate</name>
    <difficult>0</difficult>
    <bndbox>
      <xmin>267</xmin>
      <ymin>440</ymin>
      <xmax>470</xmax>
      <ymax>516</ymax>
    </bndbox>
  </object>
</annotation>
