<?xml version='1.0' encoding='UTF-8'?>
<annotation>
  <filename>0111745689655-92_84-248&amp;448_416&amp;511-421&amp;513_249&amp;507_249&amp;445_421&amp;451-0_0_11_16_28_28_32-117-15.jpg</filename>
  <object_num>1</object_num>
  <size>
    <width>720</width>
    <height>1160</height>
  </size>
  <object>
    <name>blue_plate</name>
    <difficult>0</difficult>
    <bndbox>
      <xmin>240</xmin>
      <ymin>439</ymin>
      <xmax>419</xmax>
      <ymax>515</ymax>
    </bndbox>
  </object>
</annotation>
