<?xml version='1.0' encoding='UTF-8'?>
<annotation>
  <filename>0111302681993-89_89-324&amp;440_501&amp;506-503&amp;502_329&amp;507_333&amp;451_507&amp;446-0_0_1_24_32_26_9-108-25.jpg</filename>
  <object_num>1</object_num>
  <size>
    <width>720</width>
    <height>1160</height>
  </size>
  <object>
    <name>blue_plate</name>
    <difficult>0</difficult>
    <bndbox>
      <xmin>322</xmin>
      <ymin>439</ymin>
      <xmax>506</xmax>
      <ymax>509</ymax>
    </bndbox>
  </object>
</annotation>
