<?xml version='1.0' encoding='UTF-8'?>
<annotation>
  <filename>0111805555555-91_87-248&amp;585_422&amp;660-435&amp;666_249&amp;657_253&amp;576_439&amp;585-0_0_16_32_32_29_4-112-25.jpg</filename>
  <object_num>1</object_num>
  <size>
    <width>720</width>
    <height>1160</height>
  </size>
  <object>
    <name>blue_plate</name>
    <difficult>0</difficult>
    <bndbox>
      <xmin>237</xmin>
      <ymin>568</ymin>
      <xmax>428</xmax>
      <ymax>666</ymax>
    </bndbox>
  </object>
</annotation>
