<?xml version='1.0' encoding='UTF-8'?>
<annotation>
  <filename>0111290708812-88_89-258&amp;573_449&amp;640-459&amp;631_262&amp;636_262&amp;574_459&amp;569-0_0_8_33_10_27_32-29-9.jpg</filename>
  <object_num>1</object_num>
  <size>
    <width>720</width>
    <height>1160</height>
  </size>
  <object>
    <name>blue_plate</name>
    <difficult>0</difficult>
    <bndbox>
      <xmin>246</xmin>
      <ymin>565</ymin>
      <xmax>452</xmax>
      <ymax>638</ymax>
    </bndbox>
  </object>
</annotation>
