<?xml version='1.0' encoding='UTF-8'?>
<annotation>
  <filename>0111290708812-89_84-212&amp;422_393&amp;490-395&amp;488_220&amp;492_207&amp;433_382&amp;429-0_0_21_25_24_26_11-35-28.jpg</filename>
  <object_num>1</object_num>
  <size>
    <width>720</width>
    <height>1160</height>
  </size>
  <object>
    <name>blue_plate</name>
    <difficult>0</difficult>
    <bndbox>
      <xmin>197</xmin>
      <ymin>419</ymin>
      <xmax>392</xmax>
      <ymax>492</ymax>
    </bndbox>
  </object>
</annotation>
