<?xml version='1.0' encoding='UTF-8'?>
<annotation>
  <filename>0111973180076-88_90-306&amp;509_487&amp;588-483&amp;572_315&amp;584_320&amp;524_488&amp;512-0_0_25_5_29_29_29-74-17.jpg</filename>
  <object_num>1</object_num>
  <size>
    <width>720</width>
    <height>1160</height>
  </size>
  <object>
    <name>blue_plate</name>
    <difficult>0</difficult>
    <bndbox>
      <xmin>307</xmin>
      <ymin>507</ymin>
      <xmax>484</xmax>
      <ymax>581</ymax>
    </bndbox>
  </object>
</annotation>
