<?xml version='1.0' encoding='UTF-8'?>
<annotation>
  <filename>0112320402298-91_87-275&amp;478_462&amp;546-461&amp;546_270&amp;541_274&amp;476_465&amp;481-0_0_17_26_5_32_33-105-26.jpg</filename>
  <object_num>1</object_num>
  <size>
    <width>720</width>
    <height>1160</height>
  </size>
  <object>
    <name>blue_plate</name>
    <difficult>0</difficult>
    <bndbox>
      <xmin>264</xmin>
      <ymin>469</ymin>
      <xmax>458</xmax>
      <ymax>547</ymax>
    </bndbox>
  </object>
</annotation>
