<?xml version='1.0' encoding='UTF-8'?>
<annotation>
  <filename>0112691570881-91_93-320&amp;505_515&amp;562-510&amp;565_317&amp;566_329&amp;501_522&amp;500-0_0_12_31_26_33_12-123-24.jpg</filename>
  <object_num>1</object_num>
  <size>
    <width>720</width>
    <height>1160</height>
  </size>
  <object>
    <name>blue_plate</name>
    <difficult>0</difficult>
    <bndbox>
      <xmin>308</xmin>
      <ymin>490</ymin>
      <xmax>517</xmax>
      <ymax>565</ymax>
    </bndbox>
  </object>
</annotation>
