<?xml version='1.0' encoding='UTF-8'?>
<annotation>
  <filename>011247605364-92_81-183&amp;579_343&amp;653-350&amp;668_180&amp;641_171&amp;564_341&amp;591-0_0_2_16_24_26_27-135-22.jpg</filename>
  <object_num>1</object_num>
  <size>
    <width>720</width>
    <height>1160</height>
  </size>
  <object>
    <name>blue_plate</name>
    <difficult>0</difficult>
    <bndbox>
      <xmin>165</xmin>
      <ymin>567</ymin>
      <xmax>350</xmax>
      <ymax>670</ymax>
    </bndbox>
  </object>
</annotation>
