<?xml version='1.0' encoding='UTF-8'?>
<annotation>
  <filename>0112320402298-90_88-293&amp;478_475&amp;546-473&amp;554_292&amp;548_293&amp;472_474&amp;478-0_0_30_15_29_32_32-169-16.jpg</filename>
  <object_num>1</object_num>
  <size>
    <width>720</width>
    <height>1160</height>
  </size>
  <object>
    <name>blue_plate</name>
    <difficult>0</difficult>
    <bndbox>
      <xmin>276</xmin>
      <ymin>466</ymin>
      <xmax>471</xmax>
      <ymax>553</ymax>
    </bndbox>
  </object>
</annotation>
