<?xml version='1.0' encoding='UTF-8'?>
<annotation>
  <filename>0112907088122-92_70-248&amp;476_470&amp;540-484&amp;543_259&amp;531_236&amp;466_461&amp;478-0_0_10_31_29_30_3-62-8.jpg</filename>
  <object_num>1</object_num>
  <size>
    <width>720</width>
    <height>1160</height>
  </size>
  <object>
    <name>blue_plate</name>
    <difficult>0</difficult>
    <bndbox>
      <xmin>232</xmin>
      <ymin>462</ymin>
      <xmax>478</xmax>
      <ymax>546</ymax>
    </bndbox>
  </object>
</annotation>
