<?xml version='1.0' encoding='UTF-8'?>
<annotation>
  <filename>0112068965517-92_88-248&amp;432_418&amp;502-416&amp;501_257&amp;494_261&amp;434_420&amp;441-0_0_11_26_26_27_27-145-27.jpg</filename>
  <object_num>1</object_num>
  <size>
    <width>720</width>
    <height>1160</height>
  </size>
  <object>
    <name>blue_plate</name>
    <difficult>0</difficult>
    <bndbox>
      <xmin>246</xmin>
      <ymin>430</ymin>
      <xmax>414</xmax>
      <ymax>498</ymax>
    </bndbox>
  </object>
</annotation>
