<?xml version='1.0' encoding='UTF-8'?>
<annotation>
  <filename>0112392241379-94_84-236&amp;556_410&amp;621-412&amp;625_227&amp;609_233&amp;543_418&amp;559-0_0_0_21_24_25_29-149-12.jpg</filename>
  <object_num>2</object_num>
  <size>
    <width>720</width>
    <height>1160</height>
  </size>
  <object>
    <name>blue_plate</name>
    <difficult>0</difficult>
    <bndbox>
      <xmin>213</xmin>
      <ymin>542</ymin>
      <xmax>414</xmax>
      <ymax>630</ymax>
    </bndbox>
  </object>
  <object>
    <name>blue_plate</name>
    <difficult>0</difficult>
    <bndbox>
      <xmin>23</xmin>
      <ymin>361</ymin>
      <xmax>410</xmax>
      <ymax>471</ymax>
    </bndbox>
  </object>
</annotation>
