<?xml version='1.0' encoding='UTF-8'?>
<annotation>
  <filename>0112966954023-90_82-187&amp;566_403&amp;633-419&amp;632_204&amp;632_181&amp;564_396&amp;564-0_0_10_24_29_27_3-65-27.jpg</filename>
  <object_num>1</object_num>
  <size>
    <width>720</width>
    <height>1160</height>
  </size>
  <object>
    <name>blue_plate</name>
    <difficult>0</difficult>
    <bndbox>
      <xmin>180</xmin>
      <ymin>554</ymin>
      <xmax>416</xmax>
      <ymax>635</ymax>
    </bndbox>
  </object>
</annotation>
