<?xml version='1.0' encoding='UTF-8'?>
<annotation>
  <filename>0112691570881-90_88-250&amp;473_449&amp;541-445&amp;542_255&amp;543_256&amp;476_446&amp;475-0_0_21_4_33_29_30-154-42.jpg</filename>
  <object_num>1</object_num>
  <size>
    <width>720</width>
    <height>1160</height>
  </size>
  <object>
    <name>blue_plate</name>
    <difficult>0</difficult>
    <bndbox>
      <xmin>241</xmin>
      <ymin>466</ymin>
      <xmax>445</xmax>
      <ymax>543</ymax>
    </bndbox>
  </object>
</annotation>
