<?xml version='1.0' encoding='UTF-8'?>
<annotation>
  <filename>0112966954023-89_80-325&amp;406_520&amp;480-525&amp;474_337&amp;473_318&amp;407_506&amp;408-0_0_11_27_11_30_30-106-21.jpg</filename>
  <object_num>1</object_num>
  <size>
    <width>720</width>
    <height>1160</height>
  </size>
  <object>
    <name>blue_plate</name>
    <difficult>0</difficult>
    <bndbox>
      <xmin>313</xmin>
      <ymin>399</ymin>
      <xmax>519</xmax>
      <ymax>473</ymax>
    </bndbox>
  </object>
</annotation>
