<?xml version='1.0' encoding='UTF-8'?>
<annotation>
  <filename>0112643678161-90_87-265&amp;541_485&amp;606-477&amp;605_264&amp;599_263&amp;533_476&amp;539-0_0_29_15_31_24_30-98-20.jpg</filename>
  <object_num>1</object_num>
  <size>
    <width>720</width>
    <height>1160</height>
  </size>
  <object>
    <name>blue_plate</name>
    <difficult>0</difficult>
    <bndbox>
      <xmin>253</xmin>
      <ymin>526</ymin>
      <xmax>477</xmax>
      <ymax>603</ymax>
    </bndbox>
  </object>
</annotation>
