<?xml version='1.0' encoding='UTF-8'?>
<annotation>
  <filename>0112691570881-91_87-291&amp;548_489&amp;619-493&amp;621_287&amp;616_289&amp;552_495&amp;557-0_0_26_24_32_28_28-116-24.jpg</filename>
  <object_num>1</object_num>
  <size>
    <width>720</width>
    <height>1160</height>
  </size>
  <object>
    <name>blue_plate</name>
    <difficult>0</difficult>
    <bndbox>
      <xmin>279</xmin>
      <ymin>542</ymin>
      <xmax>492</xmax>
      <ymax>621</ymax>
    </bndbox>
  </object>
</annotation>
