<?xml version='1.0' encoding='UTF-8'?>
<annotation>
  <filename>0112607758621-90_87-306&amp;292_503&amp;377-496&amp;368_326&amp;363_326&amp;300_496&amp;305-0_0_1_12_33_25_32-63-11.jpg</filename>
  <object_num>1</object_num>
  <size>
    <width>720</width>
    <height>1160</height>
  </size>
  <object>
    <name>blue_plate</name>
    <difficult>0</difficult>
    <bndbox>
      <xmin>316</xmin>
      <ymin>296</ymin>
      <xmax>493</xmax>
      <ymax>368</ymax>
    </bndbox>
  </object>
</annotation>
