<?xml version='1.0' encoding='UTF-8'?>
<annotation>
  <filename>0112847222222-95_87-315&amp;519_476&amp;592-480&amp;598_309&amp;585_315&amp;519_486&amp;532-0_0_27_25_26_28_26-145-33.jpg</filename>
  <object_num>1</object_num>
  <size>
    <width>720</width>
    <height>1160</height>
  </size>
  <object>
    <name>blue_plate</name>
    <difficult>0</difficult>
    <bndbox>
      <xmin>301</xmin>
      <ymin>512</ymin>
      <xmax>481</xmax>
      <ymax>598</ymax>
    </bndbox>
  </object>
</annotation>
