<?xml version='1.0' encoding='UTF-8'?>
<annotation>
  <filename>0112068965517-89_88-236&amp;485_417&amp;551-419&amp;551_235&amp;564_230&amp;489_414&amp;476-0_0_33_32_32_19_25-120-13.jpg</filename>
  <object_num>1</object_num>
  <size>
    <width>720</width>
    <height>1160</height>
  </size>
  <object>
    <name>blue_plate</name>
    <difficult>0</difficult>
    <bndbox>
      <xmin>226</xmin>
      <ymin>475</ymin>
      <xmax>422</xmax>
      <ymax>558</ymax>
    </bndbox>
  </object>
</annotation>
