<?xml version='1.0' encoding='UTF-8'?>
<annotation>
  <filename>0112966954023-90_87-257&amp;508_449&amp;568-451&amp;569_254&amp;571_252&amp;505_449&amp;503-0_0_24_27_0_2_24-36-5.jpg</filename>
  <object_num>1</object_num>
  <size>
    <width>720</width>
    <height>1160</height>
  </size>
  <object>
    <name>blue_plate</name>
    <difficult>0</difficult>
    <bndbox>
      <xmin>241</xmin>
      <ymin>498</ymin>
      <xmax>452</xmax>
      <ymax>575</ymax>
    </bndbox>
  </object>
</annotation>
