<?xml version='1.0' encoding='UTF-8'?>
<annotation>
  <filename>0112607758621-90_97-227&amp;567_405&amp;628-403&amp;633_218&amp;639_242&amp;563_427&amp;557-0_0_2_13_25_25_33-97-17.jpg</filename>
  <object_num>1</object_num>
  <size>
    <width>720</width>
    <height>1160</height>
  </size>
  <object>
    <name>blue_plate</name>
    <difficult>0</difficult>
    <bndbox>
      <xmin>211</xmin>
      <ymin>552</ymin>
      <xmax>426</xmax>
      <ymax>635</ymax>
    </bndbox>
  </object>
</annotation>
