<?xml version='1.0' encoding='UTF-8'?>
<annotation>
  <filename>0112056992338-90_81-241&amp;489_453&amp;555-453&amp;552_260&amp;550_240&amp;485_433&amp;487-14_2_29_31_24_25_31-85-81.jpg</filename>
  <object_num>1</object_num>
  <size>
    <width>720</width>
    <height>1160</height>
  </size>
  <object>
    <name>blue_plate</name>
    <difficult>0</difficult>
    <bndbox>
      <xmin>234</xmin>
      <ymin>475</ymin>
      <xmax>449</xmax>
      <ymax>553</ymax>
    </bndbox>
  </object>
</annotation>
