<?xml version='1.0' encoding='UTF-8'?>
<annotation>
  <filename>01125-90_92-288&amp;509_483&amp;579-495&amp;574_286&amp;579_287&amp;509_496&amp;504-19_5_18_12_27_24_33-101-20.jpg</filename>
  <object_num>1</object_num>
  <size>
    <width>720</width>
    <height>1160</height>
  </size>
  <object>
    <name>blue_plate</name>
    <difficult>0</difficult>
    <bndbox>
      <xmin>271</xmin>
      <ymin>501</ymin>
      <xmax>497</xmax>
      <ymax>579</ymax>
    </bndbox>
  </object>
</annotation>
