<?xml version='1.0' encoding='UTF-8'?>
<annotation>
  <filename>0112068965517-90_88-220&amp;489_474&amp;558-479&amp;558_218&amp;559_210&amp;477_471&amp;476-0_0_32_14_33_33_24-205-24.jpg</filename>
  <object_num>1</object_num>
  <size>
    <width>720</width>
    <height>1160</height>
  </size>
  <object>
    <name>blue_plate</name>
    <difficult>0</difficult>
    <bndbox>
      <xmin>198</xmin>
      <ymin>468</ymin>
      <xmax>478</xmax>
      <ymax>559</ymax>
    </bndbox>
  </object>
</annotation>
