<?xml version='1.0' encoding='UTF-8'?>
<annotation>
  <filename>0112320402298-90_90-250&amp;513_453&amp;585-461&amp;584_243&amp;588_242&amp;515_460&amp;511-0_0_26_32_31_14_30-119-21.jpg</filename>
  <object_num>1</object_num>
  <size>
    <width>720</width>
    <height>1160</height>
  </size>
  <object>
    <name>blue_plate</name>
    <difficult>0</difficult>
    <bndbox>
      <xmin>231</xmin>
      <ymin>505</ymin>
      <xmax>459</xmax>
      <ymax>589</ymax>
    </bndbox>
  </object>
</annotation>
