<?xml version='1.0' encoding='UTF-8'?>
<annotation>
  <filename>0113146551724-90_90-236&amp;514_425&amp;582-421&amp;582_230&amp;581_234&amp;516_425&amp;517-0_0_22_31_26_27_8-111-21.jpg</filename>
  <object_num>1</object_num>
  <size>
    <width>720</width>
    <height>1160</height>
  </size>
  <object>
    <name>blue_plate</name>
    <difficult>0</difficult>
    <bndbox>
      <xmin>219</xmin>
      <ymin>506</ymin>
      <xmax>419</xmax>
      <ymax>584</ymax>
    </bndbox>
  </object>
</annotation>
