<?xml version='1.0' encoding='UTF-8'?>
<annotation>
  <filename>0113266283524-91_88-233&amp;507_421&amp;571-430&amp;573_237&amp;564_231&amp;500_424&amp;509-0_0_15_30_29_33_12-178-30.jpg</filename>
  <object_num>1</object_num>
  <size>
    <width>720</width>
    <height>1160</height>
  </size>
  <object>
    <name>blue_plate</name>
    <difficult>0</difficult>
    <bndbox>
      <xmin>229</xmin>
      <ymin>496</ymin>
      <xmax>428</xmax>
      <ymax>574</ymax>
    </bndbox>
  </object>
</annotation>
