<?xml version='1.0' encoding='UTF-8'?>
<annotation>
  <filename>0113266283524-91_89-247&amp;606_444&amp;670-449&amp;681_242&amp;675_242&amp;599_449&amp;605-0_0_5_30_32_30_30-117-23.jpg</filename>
  <object_num>1</object_num>
  <size>
    <width>720</width>
    <height>1160</height>
  </size>
  <object>
    <name>blue_plate</name>
    <difficult>0</difficult>
    <bndbox>
      <xmin>228</xmin>
      <ymin>590</ymin>
      <xmax>444</xmax>
      <ymax>682</ymax>
    </bndbox>
  </object>
</annotation>
