<?xml version='1.0' encoding='UTF-8'?>
<annotation>
  <filename>0113793103448-89_82-295&amp;433_489&amp;492-481&amp;497_300&amp;490_288&amp;421_469&amp;428-0_0_18_27_24_32_8-117-36.jpg</filename>
  <object_num>1</object_num>
  <size>
    <width>720</width>
    <height>1160</height>
  </size>
  <object>
    <name>blue_plate</name>
    <difficult>0</difficult>
    <bndbox>
      <xmin>280</xmin>
      <ymin>412</ymin>
      <xmax>479</xmax>
      <ymax>499</ymax>
    </bndbox>
  </object>
</annotation>
