<?xml version='1.0' encoding='UTF-8'?>
<annotation>
  <filename>0113577586207-89_84-265&amp;500_460&amp;561-472&amp;561_273&amp;560_254&amp;493_453&amp;494-0_0_33_24_26_32_31-171-31.jpg</filename>
  <object_num>1</object_num>
  <size>
    <width>720</width>
    <height>1160</height>
  </size>
  <object>
    <name>blue_plate</name>
    <difficult>0</difficult>
    <bndbox>
      <xmin>243</xmin>
      <ymin>479</ymin>
      <xmax>480</xmax>
      <ymax>563</ymax>
    </bndbox>
  </object>
</annotation>
