<?xml version='1.0' encoding='UTF-8'?>
<annotation>
  <filename>0113230363985-91_84-279&amp;497_499&amp;561-502&amp;561_281&amp;557_268&amp;486_489&amp;490-0_0_27_31_23_27_25-125-13.jpg</filename>
  <object_num>1</object_num>
  <size>
    <width>720</width>
    <height>1160</height>
  </size>
  <object>
    <name>blue_plate</name>
    <difficult>0</difficult>
    <bndbox>
      <xmin>267</xmin>
      <ymin>478</ymin>
      <xmax>497</xmax>
      <ymax>564</ymax>
    </bndbox>
  </object>
</annotation>
