<?xml version='1.0' encoding='UTF-8'?>
<annotation>
  <filename>0113266283524-89_91-325&amp;362_503&amp;430-504&amp;427_323&amp;433_326&amp;370_507&amp;364-0_0_21_6_24_33_32-110-18.jpg</filename>
  <object_num>1</object_num>
  <size>
    <width>720</width>
    <height>1160</height>
  </size>
  <object>
    <name>blue_plate</name>
    <difficult>0</difficult>
    <bndbox>
      <xmin>314</xmin>
      <ymin>360</ymin>
      <xmax>504</xmax>
      <ymax>432</ymax>
    </bndbox>
  </object>
</annotation>
