<?xml version='1.0' encoding='UTF-8'?>
<annotation>
  <filename>0113888888889-92_91-375&amp;419_557&amp;482-542&amp;487_383&amp;484_386&amp;424_545&amp;427-0_0_8_19_26_24_32-124-27.jpg</filename>
  <object_num>1</object_num>
  <size>
    <width>720</width>
    <height>1160</height>
  </size>
  <object>
    <name>blue_plate</name>
    <difficult>0</difficult>
    <bndbox>
      <xmin>372</xmin>
      <ymin>417</ymin>
      <xmax>543</xmax>
      <ymax>492</ymax>
    </bndbox>
  </object>
</annotation>
