<?xml version='1.0' encoding='UTF-8'?>
<annotation>
  <filename>0113924808429-90_90-290&amp;470_483&amp;541-479&amp;538_292&amp;539_294&amp;471_481&amp;470-0_0_7_25_24_26_0-107-7.jpg</filename>
  <object_num>1</object_num>
  <size>
    <width>720</width>
    <height>1160</height>
  </size>
  <object>
    <name>blue_plate</name>
    <difficult>0</difficult>
    <bndbox>
      <xmin>272</xmin>
      <ymin>464</ymin>
      <xmax>480</xmax>
      <ymax>540</ymax>
    </bndbox>
  </object>
</annotation>
