<?xml version='1.0' encoding='UTF-8'?>
<annotation>
  <filename>0113589559386-90_89-310&amp;360_508&amp;424-518&amp;429_315&amp;429_313&amp;364_516&amp;364-10_0_17_26_8_29_26-123-40.jpg</filename>
  <object_num>1</object_num>
  <size>
    <width>720</width>
    <height>1160</height>
  </size>
  <object>
    <name>blue_plate</name>
    <difficult>0</difficult>
    <bndbox>
      <xmin>302</xmin>
      <ymin>354</ymin>
      <xmax>515</xmax>
      <ymax>437</ymax>
    </bndbox>
  </object>
</annotation>
