<?xml version='1.0' encoding='UTF-8'?>
<annotation>
  <filename>0113924808429-90_93-271&amp;523_469&amp;589-481&amp;587_282&amp;590_284&amp;513_483&amp;510-0_0_10_10_31_31_31-118-8.jpg</filename>
  <object_num>1</object_num>
  <size>
    <width>720</width>
    <height>1160</height>
  </size>
  <object>
    <name>blue_plate</name>
    <difficult>0</difficult>
    <bndbox>
      <xmin>272</xmin>
      <ymin>503</ymin>
      <xmax>473</xmax>
      <ymax>588</ymax>
    </bndbox>
  </object>
</annotation>
