<?xml version='1.0' encoding='UTF-8'?>
<annotation>
  <filename>0113577586207-95_81-225&amp;531_391&amp;603-384&amp;604_217&amp;583_214&amp;525_381&amp;546-0_0_0_24_12_32_27-118-58.jpg</filename>
  <object_num>1</object_num>
  <size>
    <width>720</width>
    <height>1160</height>
  </size>
  <object>
    <name>blue_plate</name>
    <difficult>0</difficult>
    <bndbox>
      <xmin>213</xmin>
      <ymin>523</ymin>
      <xmax>382</xmax>
      <ymax>604</ymax>
    </bndbox>
  </object>
</annotation>
