<?xml version='1.0' encoding='UTF-8'?>
<annotation>
  <filename>0113505747126-87_94-222&amp;414_397&amp;490-396&amp;470_234&amp;486_237&amp;431_399&amp;415-0_0_25_24_29_16_25-75-23.jpg</filename>
  <object_num>1</object_num>
  <size>
    <width>720</width>
    <height>1160</height>
  </size>
  <object>
    <name>blue_plate</name>
    <difficult>0</difficult>
    <bndbox>
      <xmin>223</xmin>
      <ymin>411</ymin>
      <xmax>391</xmax>
      <ymax>484</ymax>
    </bndbox>
  </object>
</annotation>
