<?xml version='1.0' encoding='UTF-8'?>
<annotation>
  <filename>0113026819924-86_87-282&amp;504_450&amp;571-449&amp;558_295&amp;573_281&amp;522_435&amp;507-0_0_6_0_24_25_31-127-62.jpg</filename>
  <object_num>1</object_num>
  <size>
    <width>720</width>
    <height>1160</height>
  </size>
  <object>
    <name>blue_plate</name>
    <difficult>0</difficult>
    <bndbox>
      <xmin>282</xmin>
      <ymin>504</ymin>
      <xmax>445</xmax>
      <ymax>573</ymax>
    </bndbox>
  </object>
</annotation>
