<?xml version='1.0' encoding='UTF-8'?>
<annotation>
  <filename>0113625478927-97_82-292&amp;603_450&amp;685-450&amp;685_299&amp;659_301&amp;602_452&amp;628-0_0_3_30_0_29_28-98-21.jpg</filename>
  <object_num>1</object_num>
  <size>
    <width>720</width>
    <height>1160</height>
  </size>
  <object>
    <name>blue_plate</name>
    <difficult>0</difficult>
    <bndbox>
      <xmin>288</xmin>
      <ymin>600</ymin>
      <xmax>454</xmax>
      <ymax>686</ymax>
    </bndbox>
  </object>
</annotation>
