<?xml version='1.0' encoding='UTF-8'?>
<annotation>
  <filename>0113314176245-94_72-226&amp;414_423&amp;482-421&amp;490_232&amp;473_212&amp;400_401&amp;417-0_0_22_28_24_26_22-85-35.jpg</filename>
  <object_num>1</object_num>
  <size>
    <width>720</width>
    <height>1160</height>
  </size>
  <object>
    <name>blue_plate</name>
    <difficult>0</difficult>
    <bndbox>
      <xmin>212</xmin>
      <ymin>399</ymin>
      <xmax>417</xmax>
      <ymax>488</ymax>
    </bndbox>
  </object>
</annotation>
