<?xml version='1.0' encoding='UTF-8'?>
<annotation>
  <filename>0113817049809-90_93-221&amp;520_423&amp;589-421&amp;586_230&amp;583_233&amp;516_424&amp;519-17_0_24_26_16_18_33-87-11.jpg</filename>
  <object_num>1</object_num>
  <size>
    <width>720</width>
    <height>1160</height>
  </size>
  <object>
    <name>blue_plate</name>
    <difficult>0</difficult>
    <bndbox>
      <xmin>217</xmin>
      <ymin>509</ymin>
      <xmax>422</xmax>
      <ymax>586</ymax>
    </bndbox>
  </object>
</annotation>
