<?xml version='1.0' encoding='UTF-8'?>
<annotation>
  <filename>0113577586207-90_84-216&amp;472_418&amp;536-414&amp;540_223&amp;535_220&amp;471_411&amp;476-0_12_29_10_30_30_26-83-18.jpg</filename>
  <object_num>1</object_num>
  <size>
    <width>720</width>
    <height>1160</height>
  </size>
  <object>
    <name>blue_plate</name>
    <difficult>0</difficult>
    <bndbox>
      <xmin>213</xmin>
      <ymin>466</ymin>
      <xmax>412</xmax>
      <ymax>540</ymax>
    </bndbox>
  </object>
</annotation>
