<?xml version='1.0' encoding='UTF-8'?>
<annotation>
  <filename>0113577586207-87_93-375&amp;428_544&amp;502-536&amp;486_369&amp;502_369&amp;444_536&amp;428-0_0_30_29_6_24_27-105-25.jpg</filename>
  <object_num>1</object_num>
  <size>
    <width>720</width>
    <height>1160</height>
  </size>
  <object>
    <name>blue_plate</name>
    <difficult>0</difficult>
    <bndbox>
      <xmin>356</xmin>
      <ymin>424</ymin>
      <xmax>536</xmax>
      <ymax>506</ymax>
    </bndbox>
  </object>
</annotation>
