<?xml version='1.0' encoding='UTF-8'?>
<annotation>
  <filename>0113589559386-90_80-242&amp;526_441&amp;598-452&amp;606_244&amp;584_233&amp;513_441&amp;535-0_0_2_32_31_32_15-135-37.jpg</filename>
  <object_num>1</object_num>
  <size>
    <width>720</width>
    <height>1160</height>
  </size>
  <object>
    <name>blue_plate</name>
    <difficult>0</difficult>
    <bndbox>
      <xmin>230</xmin>
      <ymin>510</ymin>
      <xmax>447</xmax>
      <ymax>599</ymax>
    </bndbox>
  </object>
</annotation>
