<?xml version='1.0' encoding='UTF-8'?>
<annotation>
  <filename>0113936781609-90_90-325&amp;347_522&amp;419-522&amp;416_330&amp;415_330&amp;350_522&amp;351-0_0_24_31_24_30_24-125-53.jpg</filename>
  <object_num>1</object_num>
  <size>
    <width>720</width>
    <height>1160</height>
  </size>
  <object>
    <name>blue_plate</name>
    <difficult>0</difficult>
    <bndbox>
      <xmin>299</xmin>
      <ymin>342</ymin>
      <xmax>535</xmax>
      <ymax>419</ymax>
    </bndbox>
  </object>
</annotation>
