<?xml version='1.0' encoding='UTF-8'?>
<annotation>
  <filename>0114583333333-91_86-228&amp;472_411&amp;540-405&amp;543_234&amp;535_237&amp;474_408&amp;482-0_0_1_20_30_32_32-178-8.jpg</filename>
  <object_num>1</object_num>
  <size>
    <width>720</width>
    <height>1160</height>
  </size>
  <object>
    <name>blue_plate</name>
    <difficult>0</difficult>
    <bndbox>
      <xmin>224</xmin>
      <ymin>469</ymin>
      <xmax>408</xmax>
      <ymax>545</ymax>
    </bndbox>
  </object>
</annotation>
