<?xml version='1.0' encoding='UTF-8'?>
<annotation>
  <filename>0114715038314-95_84-316&amp;485_475&amp;557-481&amp;559_316&amp;538_317&amp;478_482&amp;499-0_0_2_32_26_26_3-72-19.jpg</filename>
  <object_num>1</object_num>
  <size>
    <width>720</width>
    <height>1160</height>
  </size>
  <object>
    <name>blue_plate</name>
    <difficult>0</difficult>
    <bndbox>
      <xmin>307</xmin>
      <ymin>475</ymin>
      <xmax>481</xmax>
      <ymax>560</ymax>
    </bndbox>
  </object>
</annotation>
