<?xml version='1.0' encoding='UTF-8'?>
<annotation>
  <filename>0114224137931-90_84-251&amp;518_446&amp;593-453&amp;596_255&amp;586_238&amp;516_436&amp;526-0_0_12_5_32_27_25-165-14.jpg</filename>
  <object_num>1</object_num>
  <size>
    <width>720</width>
    <height>1160</height>
  </size>
  <object>
    <name>blue_plate</name>
    <difficult>0</difficult>
    <bndbox>
      <xmin>235</xmin>
      <ymin>510</ymin>
      <xmax>448</xmax>
      <ymax>597</ymax>
    </bndbox>
  </object>
</annotation>
