<?xml version='1.0' encoding='UTF-8'?>
<annotation>
  <filename>0114188218391-90_89-240&amp;505_454&amp;566-461&amp;576_254&amp;573_256&amp;508_463&amp;511-1_2_25_0_25_13_30-175-16.jpg</filename>
  <object_num>1</object_num>
  <size>
    <width>720</width>
    <height>1160</height>
  </size>
  <object>
    <name>blue_plate</name>
    <difficult>0</difficult>
    <bndbox>
      <xmin>244</xmin>
      <ymin>496</ymin>
      <xmax>454</xmax>
      <ymax>576</ymax>
    </bndbox>
  </object>
</annotation>
