<?xml version='1.0' encoding='UTF-8'?>
<annotation>
  <filename>0114858716476-90_86-251&amp;452_442&amp;526-442&amp;525_249&amp;521_242&amp;452_435&amp;456-0_0_18_30_9_29_30-136-18.jpg</filename>
  <object_num>1</object_num>
  <size>
    <width>720</width>
    <height>1160</height>
  </size>
  <object>
    <name>blue_plate</name>
    <difficult>0</difficult>
    <bndbox>
      <xmin>238</xmin>
      <ymin>444</ymin>
      <xmax>439</xmax>
      <ymax>528</ymax>
    </bndbox>
  </object>
</annotation>
