<?xml version='1.0' encoding='UTF-8'?>
<annotation>
  <filename>0114559386973-90_90-295&amp;520_504&amp;582-509&amp;578_301&amp;584_302&amp;514_510&amp;508-0_0_26_22_24_33_31-89-38.jpg</filename>
  <object_num>1</object_num>
  <size>
    <width>720</width>
    <height>1160</height>
  </size>
  <object>
    <name>blue_plate</name>
    <difficult>0</difficult>
    <bndbox>
      <xmin>282</xmin>
      <ymin>504</ymin>
      <xmax>514</xmax>
      <ymax>585</ymax>
    </bndbox>
  </object>
</annotation>
