<?xml version='1.0' encoding='UTF-8'?>
<annotation>
  <filename>0114798850574-89_86-198&amp;479_400&amp;540-397&amp;537_203&amp;542_206&amp;475_400&amp;470-0_0_1_12_27_27_27-66-53.jpg</filename>
  <object_num>1</object_num>
  <size>
    <width>720</width>
    <height>1160</height>
  </size>
  <object>
    <name>blue_plate</name>
    <difficult>0</difficult>
    <bndbox>
      <xmin>188</xmin>
      <ymin>463</ymin>
      <xmax>399</xmax>
      <ymax>541</ymax>
    </bndbox>
  </object>
</annotation>
