<?xml version='1.0' encoding='UTF-8'?>
<annotation>
  <filename>0114798850574-90_86-315&amp;382_524&amp;459-527&amp;457_316&amp;455_317&amp;385_528&amp;387-0_0_8_30_10_30_31-130-18.jpg</filename>
  <object_num>1</object_num>
  <size>
    <width>720</width>
    <height>1160</height>
  </size>
  <object>
    <name>blue_plate</name>
    <difficult>0</difficult>
    <bndbox>
      <xmin>306</xmin>
      <ymin>372</ymin>
      <xmax>525</xmax>
      <ymax>461</ymax>
    </bndbox>
  </object>
</annotation>
