<?xml version='1.0' encoding='UTF-8'?>
<annotation>
  <filename>0114439655172-90_93-176&amp;585_362&amp;657-363&amp;648_174&amp;654_185&amp;590_374&amp;584-0_0_21_19_26_25_27-123-33.jpg</filename>
  <object_num>1</object_num>
  <size>
    <width>720</width>
    <height>1160</height>
  </size>
  <object>
    <name>blue_plate</name>
    <difficult>0</difficult>
    <bndbox>
      <xmin>161</xmin>
      <ymin>578</ymin>
      <xmax>366</xmax>
      <ymax>654</ymax>
    </bndbox>
  </object>
</annotation>
