<?xml version='1.0' encoding='UTF-8'?>
<annotation>
  <filename>0114583333333-92_90-257&amp;442_442&amp;505-446&amp;511_268&amp;503_271&amp;440_449&amp;448-0_13_14_31_25_25_32-146-36.jpg</filename>
  <object_num>1</object_num>
  <size>
    <width>720</width>
    <height>1160</height>
  </size>
  <object>
    <name>blue_plate</name>
    <difficult>0</difficult>
    <bndbox>
      <xmin>243</xmin>
      <ymin>435</ymin>
      <xmax>451</xmax>
      <ymax>512</ymax>
    </bndbox>
  </object>
</annotation>
