<?xml version='1.0' encoding='UTF-8'?>
<annotation>
  <filename>0114583333333-92_86-267&amp;484_466&amp;561-474&amp;561_258&amp;553_256&amp;483_472&amp;491-0_0_27_24_6_30_24-165-14.jpg</filename>
  <object_num>1</object_num>
  <size>
    <width>720</width>
    <height>1160</height>
  </size>
  <object>
    <name>blue_plate</name>
    <difficult>0</difficult>
    <bndbox>
      <xmin>250</xmin>
      <ymin>478</ymin>
      <xmax>474</xmax>
      <ymax>561</ymax>
    </bndbox>
  </object>
</annotation>
