<?xml version='1.0' encoding='UTF-8'?>
<annotation>
  <filename>0114655172414-97_79-305&amp;516_479&amp;594-464&amp;593_312&amp;572_314&amp;513_466&amp;534-0_0_10_31_22_33_30-151-30.jpg</filename>
  <object_num>1</object_num>
  <size>
    <width>720</width>
    <height>1160</height>
  </size>
  <object>
    <name>blue_plate</name>
    <difficult>0</difficult>
    <bndbox>
      <xmin>302</xmin>
      <ymin>514</ymin>
      <xmax>466</xmax>
      <ymax>592</ymax>
    </bndbox>
  </object>
</annotation>
