<?xml version='1.0' encoding='UTF-8'?>
<annotation>
  <filename>0114343869731-91_91-340&amp;464_540&amp;526-543&amp;525_342&amp;525_343&amp;456_544&amp;456-0_0_24_30_30_30_30-147-64.jpg</filename>
  <object_num>1</object_num>
  <size>
    <width>720</width>
    <height>1160</height>
  </size>
  <object>
    <name>blue_plate</name>
    <difficult>0</difficult>
    <bndbox>
      <xmin>324</xmin>
      <ymin>446</ymin>
      <xmax>542</xmax>
      <ymax>529</ymax>
    </bndbox>
  </object>
</annotation>
