<?xml version='1.0' encoding='UTF-8'?>
<annotation>
  <filename>0114798850574-90_88-247&amp;380_453&amp;459-452&amp;451_252&amp;449_247&amp;383_447&amp;385-0_0_22_17_32_28_31-81-12.jpg</filename>
  <object_num>1</object_num>
  <size>
    <width>720</width>
    <height>1160</height>
  </size>
  <object>
    <name>blue_plate</name>
    <difficult>0</difficult>
    <bndbox>
      <xmin>237</xmin>
      <ymin>377</ymin>
      <xmax>456</xmax>
      <ymax>453</ymax>
    </bndbox>
  </object>
</annotation>
