<?xml version='1.0' encoding='UTF-8'?>
<annotation>
  <filename>0114655172414-92_87-328&amp;469_511&amp;539-515&amp;533_334&amp;539_331&amp;474_512&amp;468-0_0_1_26_33_33_24-107-12.jpg</filename>
  <object_num>1</object_num>
  <size>
    <width>720</width>
    <height>1160</height>
  </size>
  <object>
    <name>blue_plate</name>
    <difficult>0</difficult>
    <bndbox>
      <xmin>325</xmin>
      <ymin>473</ymin>
      <xmax>515</xmax>
      <ymax>534</ymax>
    </bndbox>
  </object>
</annotation>
