<?xml version='1.0' encoding='UTF-8'?>
<annotation>
  <filename>0114583333333-90_86-266&amp;454_458&amp;523-464&amp;521_271&amp;517_272&amp;450_465&amp;454-0_0_8_25_22_30_32-114-11.jpg</filename>
  <object_num>1</object_num>
  <size>
    <width>720</width>
    <height>1160</height>
  </size>
  <object>
    <name>blue_plate</name>
    <difficult>0</difficult>
    <bndbox>
      <xmin>270</xmin>
      <ymin>449</ymin>
      <xmax>458</xmax>
      <ymax>518</ymax>
    </bndbox>
  </object>
</annotation>
