<?xml version='1.0' encoding='UTF-8'?>
<annotation>
  <filename>0114439655172-89_89-207&amp;296_392&amp;358-393&amp;344_206&amp;356_205&amp;298_392&amp;286-0_0_21_24_30_32_11-128-63.jpg</filename>
  <object_num>1</object_num>
  <size>
    <width>720</width>
    <height>1160</height>
  </size>
  <object>
    <name>blue_plate</name>
    <difficult>0</difficult>
    <bndbox>
      <xmin>194</xmin>
      <ymin>282</ymin>
      <xmax>392</xmax>
      <ymax>356</ymax>
    </bndbox>
  </object>
</annotation>
