<?xml version='1.0' encoding='UTF-8'?>
<annotation>
  <filename>0114403735633-90_89-235&amp;438_445&amp;500-444&amp;491_234&amp;498_233&amp;434_443&amp;427-0_0_4_32_22_32_30-37-20.jpg</filename>
  <object_num>1</object_num>
  <size>
    <width>720</width>
    <height>1160</height>
  </size>
  <object>
    <name>blue_plate</name>
    <difficult>0</difficult>
    <bndbox>
      <xmin>219</xmin>
      <ymin>421</ymin>
      <xmax>445</xmax>
      <ymax>501</ymax>
    </bndbox>
  </object>
</annotation>
