<?xml version='1.0' encoding='UTF-8'?>
<annotation>
  <filename>0115086206897-90_91-416&amp;417_607&amp;487-614&amp;485_413&amp;490_408&amp;420_609&amp;415-0_0_15_29_33_32_8-150-28.jpg</filename>
  <object_num>1</object_num>
  <size>
    <width>720</width>
    <height>1160</height>
  </size>
  <object>
    <name>blue_plate</name>
    <difficult>0</difficult>
    <bndbox>
      <xmin>403</xmin>
      <ymin>408</ymin>
      <xmax>613</xmax>
      <ymax>485</ymax>
    </bndbox>
  </object>
</annotation>
