<?xml version='1.0' encoding='UTF-8'?>
<annotation>
  <filename>0115852490421-89_89-318&amp;452_488&amp;533-490&amp;527_323&amp;525_327&amp;454_494&amp;456-0_0_33_28_26_28_31-87-22.jpg</filename>
  <object_num>1</object_num>
  <size>
    <width>720</width>
    <height>1160</height>
  </size>
  <object>
    <name>blue_plate</name>
    <difficult>0</difficult>
    <bndbox>
      <xmin>311</xmin>
      <ymin>447</ymin>
      <xmax>488</xmax>
      <ymax>527</ymax>
    </bndbox>
  </object>
</annotation>
