<?xml version='1.0' encoding='UTF-8'?>
<annotation>
  <filename>0115086206897-92_86-286&amp;486_478&amp;548-473&amp;548_289&amp;544_289&amp;484_473&amp;488-0_0_24_5_32_25_26-87-44.jpg</filename>
  <object_num>1</object_num>
  <size>
    <width>720</width>
    <height>1160</height>
  </size>
  <object>
    <name>blue_plate</name>
    <difficult>0</difficult>
    <bndbox>
      <xmin>270</xmin>
      <ymin>477</ymin>
      <xmax>480</xmax>
      <ymax>552</ymax>
    </bndbox>
  </object>
</annotation>
