<?xml version='1.0' encoding='UTF-8'?>
<annotation>
  <filename>011554118774-90_88-317&amp;461_528&amp;529-528&amp;530_329&amp;529_325&amp;466_524&amp;467-0_0_7_7_32_33_32-41-5.jpg</filename>
  <object_num>1</object_num>
  <size>
    <width>720</width>
    <height>1160</height>
  </size>
  <object>
    <name>blue_plate</name>
    <difficult>0</difficult>
    <bndbox>
      <xmin>317</xmin>
      <ymin>459</ymin>
      <xmax>526</xmax>
      <ymax>530</ymax>
    </bndbox>
  </object>
</annotation>
