<?xml version='1.0' encoding='UTF-8'?>
<annotation>
  <filename>011554118774-90_90-169&amp;462_396&amp;526-402&amp;534_164&amp;525_152&amp;449_390&amp;458-0_0_7_2_30_30_25-110-15.jpg</filename>
  <object_num>1</object_num>
  <size>
    <width>720</width>
    <height>1160</height>
  </size>
  <object>
    <name>blue_plate</name>
    <difficult>0</difficult>
    <bndbox>
      <xmin>151</xmin>
      <ymin>440</ymin>
      <xmax>400</xmax>
      <ymax>542</ymax>
    </bndbox>
  </object>
</annotation>
