<?xml version='1.0' encoding='UTF-8'?>
<annotation>
  <filename>0115086206897-90_85-234&amp;522_426&amp;604-431&amp;599_243&amp;592_231&amp;523_419&amp;530-0_0_31_29_31_32_26-92-22.jpg</filename>
  <object_num>1</object_num>
  <size>
    <width>720</width>
    <height>1160</height>
  </size>
  <object>
    <name>blue_plate</name>
    <difficult>0</difficult>
    <bndbox>
      <xmin>228</xmin>
      <ymin>517</ymin>
      <xmax>429</xmax>
      <ymax>601</ymax>
    </bndbox>
  </object>
</annotation>
