<?xml version='1.0' encoding='UTF-8'?>
<annotation>
  <filename>0115241858238-90_89-224&amp;510_422&amp;575-420&amp;578_230&amp;587_228&amp;521_418&amp;512-0_0_1_11_28_30_33-83-27.jpg</filename>
  <object_num>1</object_num>
  <size>
    <width>720</width>
    <height>1160</height>
  </size>
  <object>
    <name>blue_plate</name>
    <difficult>0</difficult>
    <bndbox>
      <xmin>215</xmin>
      <ymin>508</ymin>
      <xmax>417</xmax>
      <ymax>586</ymax>
    </bndbox>
  </object>
</annotation>
