<?xml version='1.0' encoding='UTF-8'?>
<annotation>
  <filename>0115996168583-90_87-289&amp;298_482&amp;366-480&amp;367_291&amp;360_284&amp;294_473&amp;301-0_0_9_33_24_24_27-79-29.jpg</filename>
  <object_num>1</object_num>
  <size>
    <width>720</width>
    <height>1160</height>
  </size>
  <object>
    <name>blue_plate</name>
    <difficult>0</difficult>
    <bndbox>
      <xmin>275</xmin>
      <ymin>288</ymin>
      <xmax>483</xmax>
      <ymax>368</ymax>
    </bndbox>
  </object>
</annotation>
