<?xml version='1.0' encoding='UTF-8'?>
<annotation>
  <filename>0115804597702-90_88-234&amp;520_435&amp;587-423&amp;585_235&amp;584_235&amp;519_423&amp;520-0_0_30_25_24_0_26-114-23.jpg</filename>
  <object_num>1</object_num>
  <size>
    <width>720</width>
    <height>1160</height>
  </size>
  <object>
    <name>blue_plate</name>
    <difficult>0</difficult>
    <bndbox>
      <xmin>225</xmin>
      <ymin>513</ymin>
      <xmax>421</xmax>
      <ymax>586</ymax>
    </bndbox>
  </object>
</annotation>
