<?xml version='1.0' encoding='UTF-8'?>
<annotation>
  <filename>0115241858238-91_84-311&amp;570_489&amp;649-491&amp;647_313&amp;636_305&amp;572_483&amp;583-0_0_30_16_27_29_30-108-73.jpg</filename>
  <object_num>1</object_num>
  <size>
    <width>720</width>
    <height>1160</height>
  </size>
  <object>
    <name>blue_plate</name>
    <difficult>0</difficult>
    <bndbox>
      <xmin>306</xmin>
      <ymin>569</ymin>
      <xmax>492</xmax>
      <ymax>646</ymax>
    </bndbox>
  </object>
</annotation>
