<?xml version='1.0' encoding='UTF-8'?>
<annotation>
  <filename>0115241858238-91_89-304&amp;387_498&amp;462-498&amp;457_319&amp;451_321&amp;390_500&amp;396-0_0_4_29_25_30_32-96-16.jpg</filename>
  <object_num>1</object_num>
  <size>
    <width>720</width>
    <height>1160</height>
  </size>
  <object>
    <name>blue_plate</name>
    <difficult>0</difficult>
    <bndbox>
      <xmin>302</xmin>
      <ymin>385</ymin>
      <xmax>498</xmax>
      <ymax>454</ymax>
    </bndbox>
  </object>
</annotation>
