<?xml version='1.0' encoding='UTF-8'?>
<annotation>
  <filename>0115804597702-90_88-194&amp;560_401&amp;626-409&amp;624_205&amp;625_196&amp;555_400&amp;554-0_0_20_33_28_30_2-81-33.jpg</filename>
  <object_num>1</object_num>
  <size>
    <width>720</width>
    <height>1160</height>
  </size>
  <object>
    <name>blue_plate</name>
    <difficult>0</difficult>
    <bndbox>
      <xmin>186</xmin>
      <ymin>544</ymin>
      <xmax>406</xmax>
      <ymax>629</ymax>
    </bndbox>
  </object>
</annotation>
