<?xml version='1.0' encoding='UTF-8'?>
<annotation>
  <filename>0115062260536-94_88-248&amp;502_415&amp;578-417&amp;580_246&amp;554_247&amp;492_418&amp;518-0_0_21_32_27_31_23-109-17.jpg</filename>
  <object_num>1</object_num>
  <size>
    <width>720</width>
    <height>1160</height>
  </size>
  <object>
    <name>blue_plate</name>
    <difficult>0</difficult>
    <bndbox>
      <xmin>239</xmin>
      <ymin>488</ymin>
      <xmax>417</xmax>
      <ymax>583</ymax>
    </bndbox>
  </object>
</annotation>
