<?xml version='1.0' encoding='UTF-8'?>
<annotation>
  <filename>0115804597702-92_89-394&amp;529_563&amp;600-566&amp;598_396&amp;597_400&amp;533_570&amp;534-0_0_18_31_25_27_26-171-14.jpg</filename>
  <object_num>1</object_num>
  <size>
    <width>720</width>
    <height>1160</height>
  </size>
  <object>
    <name>blue_plate</name>
    <difficult>0</difficult>
    <bndbox>
      <xmin>384</xmin>
      <ymin>525</ymin>
      <xmax>569</xmax>
      <ymax>601</ymax>
    </bndbox>
  </object>
</annotation>
