<?xml version='1.0' encoding='UTF-8'?>
<annotation>
  <filename>0115804597702-90_91-247&amp;500_478&amp;571-474&amp;571_241&amp;574_243&amp;493_476&amp;490-0_0_20_27_24_32_22-153-11.jpg</filename>
  <object_num>1</object_num>
  <size>
    <width>720</width>
    <height>1160</height>
  </size>
  <object>
    <name>blue_plate</name>
    <difficult>0</difficult>
    <bndbox>
      <xmin>230</xmin>
      <ymin>481</ymin>
      <xmax>470</xmax>
      <ymax>573</ymax>
    </bndbox>
  </object>
</annotation>
