<?xml version='1.0' encoding='UTF-8'?>
<annotation>
  <filename>0115493295019-90_87-278&amp;487_479&amp;558-486&amp;550_282&amp;558_276&amp;493_480&amp;485-0_0_29_24_13_30_24-90-18.jpg</filename>
  <object_num>1</object_num>
  <size>
    <width>720</width>
    <height>1160</height>
  </size>
  <object>
    <name>blue_plate</name>
    <difficult>0</difficult>
    <bndbox>
      <xmin>264</xmin>
      <ymin>477</ymin>
      <xmax>484</xmax>
      <ymax>558</ymax>
    </bndbox>
  </object>
</annotation>
