<?xml version='1.0' encoding='UTF-8'?>
<annotation>
  <filename>0115397509579-95_81-233&amp;579_412&amp;651-432&amp;651_233&amp;635_225&amp;569_424&amp;585-0_0_15_5_29_32_32-111-24.jpg</filename>
  <object_num>1</object_num>
  <size>
    <width>720</width>
    <height>1160</height>
  </size>
  <object>
    <name>blue_plate</name>
    <difficult>0</difficult>
    <bndbox>
      <xmin>219</xmin>
      <ymin>562</ymin>
      <xmax>429</xmax>
      <ymax>654</ymax>
    </bndbox>
  </object>
</annotation>
