<?xml version='1.0' encoding='UTF-8'?>
<annotation>
  <filename>0115086206897-90_90-321&amp;490_519&amp;554-525&amp;560_314&amp;565_316&amp;483_527&amp;478-0_0_0_27_32_32_23-150-59.jpg</filename>
  <object_num>1</object_num>
  <size>
    <width>720</width>
    <height>1160</height>
  </size>
  <object>
    <name>blue_plate</name>
    <difficult>0</difficult>
    <bndbox>
      <xmin>290</xmin>
      <ymin>474</ymin>
      <xmax>529</xmax>
      <ymax>561</ymax>
    </bndbox>
  </object>
</annotation>
