<?xml version='1.0' encoding='UTF-8'?>
<annotation>
  <filename>0115325670498-91_87-293&amp;512_481&amp;584-488&amp;578_295&amp;575_296&amp;511_489&amp;514-0_0_6_33_33_30_12-23-14.jpg</filename>
  <object_num>1</object_num>
  <size>
    <width>720</width>
    <height>1160</height>
  </size>
  <object>
    <name>blue_plate</name>
    <difficult>0</difficult>
    <bndbox>
      <xmin>283</xmin>
      <ymin>505</ymin>
      <xmax>488</xmax>
      <ymax>582</ymax>
    </bndbox>
  </object>
</annotation>
