<?xml version='1.0' encoding='UTF-8'?>
<annotation>
  <filename>0115996168583-90_90-194&amp;403_388&amp;463-390&amp;464_189&amp;465_192&amp;395_393&amp;394-0_0_3_26_31_30_3-135-24.jpg</filename>
  <object_num>1</object_num>
  <size>
    <width>720</width>
    <height>1160</height>
  </size>
  <object>
    <name>blue_plate</name>
    <difficult>0</difficult>
    <bndbox>
      <xmin>172</xmin>
      <ymin>383</ymin>
      <xmax>394</xmax>
      <ymax>467</ymax>
    </bndbox>
  </object>
</annotation>
