<?xml version='1.0' encoding='UTF-8'?>
<annotation>
  <filename>0116666666667-90_87-181&amp;432_369&amp;504-364&amp;495_192&amp;498_184&amp;437_356&amp;434-0_0_30_25_28_25_32-83-7.jpg</filename>
  <object_num>1</object_num>
  <size>
    <width>720</width>
    <height>1160</height>
  </size>
  <object>
    <name>blue_plate</name>
    <difficult>0</difficult>
    <bndbox>
      <xmin>174</xmin>
      <ymin>430</ymin>
      <xmax>358</xmax>
      <ymax>499</ymax>
    </bndbox>
  </object>
</annotation>
