<?xml version='1.0' encoding='UTF-8'?>
<annotation>
  <filename>0116738505747-90_76-264&amp;457_470&amp;527-479&amp;523_289&amp;527_250&amp;458_440&amp;454-0_0_33_29_23_24_32-128-46.jpg</filename>
  <object_num>1</object_num>
  <size>
    <width>720</width>
    <height>1160</height>
  </size>
  <object>
    <name>blue_plate</name>
    <difficult>0</difficult>
    <bndbox>
      <xmin>251</xmin>
      <ymin>449</ymin>
      <xmax>476</xmax>
      <ymax>527</ymax>
    </bndbox>
  </object>
</annotation>
