<?xml version='1.0' encoding='UTF-8'?>
<annotation>
  <filename>0116666666667-90_88-206&amp;434_396&amp;510-391&amp;499_218&amp;508_217&amp;446_390&amp;437-0_0_10_5_24_33_33-152-31.jpg</filename>
  <object_num>1</object_num>
  <size>
    <width>720</width>
    <height>1160</height>
  </size>
  <object>
    <name>blue_plate</name>
    <difficult>0</difficult>
    <bndbox>
      <xmin>210</xmin>
      <ymin>434</ymin>
      <xmax>389</xmax>
      <ymax>505</ymax>
    </bndbox>
  </object>
</annotation>
