<?xml version='1.0' encoding='UTF-8'?>
<annotation>
  <filename>0116558908046-95_86-243&amp;444_430&amp;509-431&amp;518_247&amp;498_244&amp;440_428&amp;460-0_0_23_33_26_30_13-90-17.jpg</filename>
  <object_num>1</object_num>
  <size>
    <width>720</width>
    <height>1160</height>
  </size>
  <object>
    <name>blue_plate</name>
    <difficult>0</difficult>
    <bndbox>
      <xmin>235</xmin>
      <ymin>432</ymin>
      <xmax>430</xmax>
      <ymax>516</ymax>
    </bndbox>
  </object>
</annotation>
