<?xml version='1.0' encoding='UTF-8'?>
<annotation>
  <filename>0116558908046-91_87-222&amp;522_412&amp;583-415&amp;585_229&amp;584_229&amp;525_415&amp;526-0_0_26_26_27_20_27-132-26.jpg</filename>
  <object_num>1</object_num>
  <size>
    <width>720</width>
    <height>1160</height>
  </size>
  <object>
    <name>blue_plate</name>
    <difficult>0</difficult>
    <bndbox>
      <xmin>219</xmin>
      <ymin>511</ymin>
      <xmax>416</xmax>
      <ymax>589</ymax>
    </bndbox>
  </object>
</annotation>
