<?xml version='1.0' encoding='UTF-8'?>
<annotation>
  <filename>0116762452107-90_89-262&amp;542_467&amp;607-480&amp;616_262&amp;613_262&amp;543_480&amp;546-0_0_18_6_24_29_33-22-12.jpg</filename>
  <object_num>1</object_num>
  <size>
    <width>720</width>
    <height>1160</height>
  </size>
  <object>
    <name>blue_plate</name>
    <difficult>0</difficult>
    <bndbox>
      <xmin>248</xmin>
      <ymin>535</ymin>
      <xmax>481</xmax>
      <ymax>616</ymax>
    </bndbox>
  </object>
</annotation>
