<?xml version='1.0' encoding='UTF-8'?>
<annotation>
  <filename>0116558908046-89_92-242&amp;485_434&amp;563-431&amp;555_238&amp;562_242&amp;492_435&amp;485-0_0_0_1_31_31_33-160-19.jpg</filename>
  <object_num>1</object_num>
  <size>
    <width>720</width>
    <height>1160</height>
  </size>
  <object>
    <name>blue_plate</name>
    <difficult>0</difficult>
    <bndbox>
      <xmin>222</xmin>
      <ymin>482</ymin>
      <xmax>430</xmax>
      <ymax>562</ymax>
    </bndbox>
  </object>
</annotation>
