<?xml version='1.0' encoding='UTF-8'?>
<annotation>
  <filename>0116762452107-90_85-286&amp;417_492&amp;493-491&amp;491_283&amp;491_279&amp;420_487&amp;420-0_0_22_16_33_28_25-152-40.jpg</filename>
  <object_num>1</object_num>
  <size>
    <width>720</width>
    <height>1160</height>
  </size>
  <object>
    <name>blue_plate</name>
    <difficult>0</difficult>
    <bndbox>
      <xmin>285</xmin>
      <ymin>411</ymin>
      <xmax>490</xmax>
      <ymax>498</ymax>
    </bndbox>
  </object>
</annotation>
