<?xml version='1.0' encoding='UTF-8'?>
<annotation>
  <filename>0116127873564-90_83-215&amp;465_425&amp;533-414&amp;547_220&amp;539_217&amp;470_411&amp;478-0_0_19_32_4_33_26-115-69.jpg</filename>
  <object_num>1</object_num>
  <size>
    <width>720</width>
    <height>1160</height>
  </size>
  <object>
    <name>blue_plate</name>
    <difficult>0</difficult>
    <bndbox>
      <xmin>220</xmin>
      <ymin>463</ymin>
      <xmax>420</xmax>
      <ymax>548</ymax>
    </bndbox>
  </object>
</annotation>
