<?xml version='1.0' encoding='UTF-8'?>
<annotation>
  <filename>0116762452107-89_87-154&amp;479_352&amp;546-348&amp;540_157&amp;542_144&amp;478_335&amp;476-0_0_8_29_27_33_10-38-11.jpg</filename>
  <object_num>1</object_num>
  <size>
    <width>720</width>
    <height>1160</height>
  </size>
  <object>
    <name>blue_plate</name>
    <difficult>0</difficult>
    <bndbox>
      <xmin>150</xmin>
      <ymin>468</ymin>
      <xmax>344</xmax>
      <ymax>544</ymax>
    </bndbox>
  </object>
</annotation>
