<?xml version='1.0' encoding='UTF-8'?>
<annotation>
  <filename>0116427203065-90_95-206&amp;487_414&amp;560-411&amp;555_198&amp;561_211&amp;491_424&amp;485-0_0_26_9_24_30_33-131-32.jpg</filename>
  <object_num>1</object_num>
  <size>
    <width>720</width>
    <height>1160</height>
  </size>
  <object>
    <name>blue_plate</name>
    <difficult>0</difficult>
    <bndbox>
      <xmin>188</xmin>
      <ymin>478</ymin>
      <xmax>419</xmax>
      <ymax>565</ymax>
    </bndbox>
  </object>
</annotation>
