<?xml version='1.0' encoding='UTF-8'?>
<annotation>
  <filename>0116475095786-89_95-308&amp;512_497&amp;578-501&amp;576_300&amp;591_301&amp;514_502&amp;499-0_0_11_7_28_25_33-124-13.jpg</filename>
  <object_num>1</object_num>
  <size>
    <width>720</width>
    <height>1160</height>
  </size>
  <object>
    <name>blue_plate</name>
    <difficult>0</difficult>
    <bndbox>
      <xmin>274</xmin>
      <ymin>498</ymin>
      <xmax>520</xmax>
      <ymax>592</ymax>
    </bndbox>
  </object>
</annotation>
