<?xml version='1.0' encoding='UTF-8'?>
<annotation>
  <filename>0116020114943-89_92-313&amp;401_495&amp;466-497&amp;458_314&amp;468_312&amp;404_495&amp;394-0_10_12_30_30_32_12-66-59.jpg</filename>
  <object_num>1</object_num>
  <size>
    <width>720</width>
    <height>1160</height>
  </size>
  <object>
    <name>blue_plate</name>
    <difficult>0</difficult>
    <bndbox>
      <xmin>300</xmin>
      <ymin>389</ymin>
      <xmax>503</xmax>
      <ymax>464</ymax>
    </bndbox>
  </object>
</annotation>
