<?xml version='1.0' encoding='UTF-8'?>
<annotation>
  <filename>0116738505747-90_81-233&amp;449_438&amp;514-446&amp;518_247&amp;511_223&amp;444_422&amp;451-0_0_33_29_16_24_27-128-19.jpg</filename>
  <object_num>1</object_num>
  <size>
    <width>720</width>
    <height>1160</height>
  </size>
  <object>
    <name>blue_plate</name>
    <difficult>0</difficult>
    <bndbox>
      <xmin>221</xmin>
      <ymin>438</ymin>
      <xmax>439</xmax>
      <ymax>519</ymax>
    </bndbox>
  </object>
</annotation>
