<?xml version='1.0' encoding='UTF-8'?>
<annotation>
  <filename>0116558908046-91_88-233&amp;523_451&amp;593-449&amp;597_231&amp;593_219&amp;524_437&amp;528-0_0_15_9_29_26_24-97-6.jpg</filename>
  <object_num>1</object_num>
  <size>
    <width>720</width>
    <height>1160</height>
  </size>
  <object>
    <name>blue_plate</name>
    <difficult>0</difficult>
    <bndbox>
      <xmin>211</xmin>
      <ymin>514</ymin>
      <xmax>446</xmax>
      <ymax>602</ymax>
    </bndbox>
  </object>
</annotation>
