<?xml version='1.0' encoding='UTF-8'?>
<annotation>
  <filename>0116163793103-96_82-310&amp;544_479&amp;617-483&amp;618_307&amp;596_302&amp;535_478&amp;557-0_0_12_27_17_30_31-122-49.jpg</filename>
  <object_num>1</object_num>
  <size>
    <width>720</width>
    <height>1160</height>
  </size>
  <object>
    <name>blue_plate</name>
    <difficult>0</difficult>
    <bndbox>
      <xmin>294</xmin>
      <ymin>530</ymin>
      <xmax>481</xmax>
      <ymax>620</ymax>
    </bndbox>
  </object>
</annotation>
