<?xml version='1.0' encoding='UTF-8'?>
<annotation>
  <filename>0116762452107-90_88-261&amp;482_472&amp;547-471&amp;549_262&amp;556_261&amp;477_470&amp;470-0_16_10_15_29_32_30-90-85.jpg</filename>
  <object_num>1</object_num>
  <size>
    <width>720</width>
    <height>1160</height>
  </size>
  <object>
    <name>blue_plate</name>
    <difficult>0</difficult>
    <bndbox>
      <xmin>245</xmin>
      <ymin>468</ymin>
      <xmax>464</xmax>
      <ymax>556</ymax>
    </bndbox>
  </object>
</annotation>
