<?xml version='1.0' encoding='UTF-8'?>
<annotation>
  <filename>0116020114943-90_90-324&amp;355_539&amp;420-539&amp;415_338&amp;411_341&amp;343_542&amp;347-0_0_15_10_26_30_24-91-15.jpg</filename>
  <object_num>1</object_num>
  <size>
    <width>720</width>
    <height>1160</height>
  </size>
  <object>
    <name>blue_plate</name>
    <difficult>0</difficult>
    <bndbox>
      <xmin>329</xmin>
      <ymin>334</ymin>
      <xmax>535</xmax>
      <ymax>416</ymax>
    </bndbox>
  </object>
</annotation>
