<?xml version='1.0' encoding='UTF-8'?>
<annotation>
  <filename>0116379310345-85_100-333&amp;437_502&amp;508-500&amp;493_343&amp;508_353&amp;448_510&amp;433-10_5_26_32_23_31_31-118-42.jpg</filename>
  <object_num>1</object_num>
  <size>
    <width>720</width>
    <height>1160</height>
  </size>
  <object>
    <name>blue_plate</name>
    <difficult>0</difficult>
    <bndbox>
      <xmin>335</xmin>
      <ymin>426</ymin>
      <xmax>506</xmax>
      <ymax>505</ymax>
    </bndbox>
  </object>
</annotation>
