<?xml version='1.0' encoding='UTF-8'?>
<annotation>
  <filename>0117361111111-92_81-192&amp;522_385&amp;595-393&amp;597_203&amp;584_185&amp;507_375&amp;520-0_0_0_29_24_28_8-104-13.jpg</filename>
  <object_num>1</object_num>
  <size>
    <width>720</width>
    <height>1160</height>
  </size>
  <object>
    <name>blue_plate</name>
    <difficult>0</difficult>
    <bndbox>
      <xmin>190</xmin>
      <ymin>503</ymin>
      <xmax>391</xmax>
      <ymax>598</ymax>
    </bndbox>
  </object>
</annotation>
