<?xml version='1.0' encoding='UTF-8'?>
<annotation>
  <filename>011721743295-91_90-256&amp;496_455&amp;562-449&amp;562_258&amp;557_259&amp;494_450&amp;499-0_0_17_24_11_29_26-106-18.jpg</filename>
  <object_num>1</object_num>
  <size>
    <width>720</width>
    <height>1160</height>
  </size>
  <object>
    <name>blue_plate</name>
    <difficult>0</difficult>
    <bndbox>
      <xmin>247</xmin>
      <ymin>487</ymin>
      <xmax>447</xmax>
      <ymax>563</ymax>
    </bndbox>
  </object>
</annotation>
