<?xml version='1.0' encoding='UTF-8'?>
<annotation>
  <filename>0117672413793-90_92-300&amp;375_512&amp;441-518&amp;446_294&amp;445_293&amp;375_517&amp;376-0_0_32_25_17_29_32-146-21.jpg</filename>
  <object_num>1</object_num>
  <size>
    <width>720</width>
    <height>1160</height>
  </size>
  <object>
    <name>blue_plate</name>
    <difficult>0</difficult>
    <bndbox>
      <xmin>280</xmin>
      <ymin>361</ymin>
      <xmax>519</xmax>
      <ymax>455</ymax>
    </bndbox>
  </object>
</annotation>
