<?xml version='1.0' encoding='UTF-8'?>
<annotation>
  <filename>011724137931-92_86-229&amp;491_435&amp;565-443&amp;574_221&amp;563_217&amp;495_439&amp;506-0_0_8_31_25_30_8-150-24.jpg</filename>
  <object_num>1</object_num>
  <size>
    <width>720</width>
    <height>1160</height>
  </size>
  <object>
    <name>blue_plate</name>
    <difficult>0</difficult>
    <bndbox>
      <xmin>207</xmin>
      <ymin>491</ymin>
      <xmax>436</xmax>
      <ymax>569</ymax>
    </bndbox>
  </object>
</annotation>
