<?xml version='1.0' encoding='UTF-8'?>
<annotation>
  <filename>0117337164751-90_86-304&amp;485_511&amp;554-516&amp;556_308&amp;559_307&amp;491_515&amp;488-0_0_7_31_26_33_22-65-11.jpg</filename>
  <object_num>1</object_num>
  <size>
    <width>720</width>
    <height>1160</height>
  </size>
  <object>
    <name>blue_plate</name>
    <difficult>0</difficult>
    <bndbox>
      <xmin>292</xmin>
      <ymin>480</ymin>
      <xmax>517</xmax>
      <ymax>557</ymax>
    </bndbox>
  </object>
</annotation>
