<?xml version='1.0' encoding='UTF-8'?>
<annotation>
  <filename>0117385057471-90_89-306&amp;514_506&amp;584-515&amp;586_310&amp;583_301&amp;512_506&amp;515-0_0_3_10_28_25_27-35-5.jpg</filename>
  <object_num>1</object_num>
  <size>
    <width>720</width>
    <height>1160</height>
  </size>
  <object>
    <name>blue_plate</name>
    <difficult>0</difficult>
    <bndbox>
      <xmin>295</xmin>
      <ymin>504</ymin>
      <xmax>517</xmax>
      <ymax>584</ymax>
    </bndbox>
  </object>
</annotation>
