<?xml version='1.0' encoding='UTF-8'?>
<annotation>
  <filename>011721743295-90_89-240&amp;490_430&amp;565-429&amp;553_251&amp;559_249&amp;499_427&amp;493-0_0_18_30_25_25_23-58-8.jpg</filename>
  <object_num>1</object_num>
  <size>
    <width>720</width>
    <height>1160</height>
  </size>
  <object>
    <name>blue_plate</name>
    <difficult>0</difficult>
    <bndbox>
      <xmin>236</xmin>
      <ymin>488</ymin>
      <xmax>429</xmax>
      <ymax>559</ymax>
    </bndbox>
  </object>
</annotation>
