<?xml version='1.0' encoding='UTF-8'?>
<annotation>
  <filename>0117971743295-90_92-291&amp;417_484&amp;495-480&amp;496_284&amp;497_291&amp;420_487&amp;419-0_0_10_33_24_25_12-150-31.jpg</filename>
  <object_num>1</object_num>
  <size>
    <width>720</width>
    <height>1160</height>
  </size>
  <object>
    <name>blue_plate</name>
    <difficult>0</difficult>
    <bndbox>
      <xmin>271</xmin>
      <ymin>412</ymin>
      <xmax>480</xmax>
      <ymax>498</ymax>
    </bndbox>
  </object>
</annotation>
