<?xml version='1.0' encoding='UTF-8'?>
<annotation>
  <filename>0117337164751-89_88-190&amp;547_408&amp;599-404&amp;606_192&amp;608_192&amp;543_404&amp;541-0_0_22_20_30_33_24-157-30.jpg</filename>
  <object_num>1</object_num>
  <size>
    <width>720</width>
    <height>1160</height>
  </size>
  <object>
    <name>blue_plate</name>
    <difficult>0</difficult>
    <bndbox>
      <xmin>176</xmin>
      <ymin>533</ymin>
      <xmax>404</xmax>
      <ymax>604</ymax>
    </bndbox>
  </object>
</annotation>
