<?xml version='1.0' encoding='UTF-8'?>
<annotation>
  <filename>0117049808429-90_84-274&amp;467_468&amp;541-472&amp;541_272&amp;536_267&amp;469_467&amp;474-0_0_2_3_33_28_33-136-25.jpg</filename>
  <object_num>1</object_num>
  <size>
    <width>720</width>
    <height>1160</height>
  </size>
  <object>
    <name>blue_plate</name>
    <difficult>0</difficult>
    <bndbox>
      <xmin>256</xmin>
      <ymin>463</ymin>
      <xmax>472</xmax>
      <ymax>542</ymax>
    </bndbox>
  </object>
</annotation>
