<?xml version='1.0' encoding='UTF-8'?>
<annotation>
  <filename>0117852011495-91_86-257&amp;462_464&amp;531-468&amp;529_262&amp;527_255&amp;459_461&amp;461-0_0_29_31_33_16_30-97-13.jpg</filename>
  <object_num>1</object_num>
  <size>
    <width>720</width>
    <height>1160</height>
  </size>
  <object>
    <name>blue_plate</name>
    <difficult>0</difficult>
    <bndbox>
      <xmin>246</xmin>
      <ymin>452</ymin>
      <xmax>462</xmax>
      <ymax>532</ymax>
    </bndbox>
  </object>
</annotation>
