<?xml version='1.0' encoding='UTF-8'?>
<annotation>
  <filename>0117049808429-90_88-270&amp;497_477&amp;566-469&amp;561_280&amp;563_278&amp;497_467&amp;495-0_0_33_31_33_19_33-169-14.jpg</filename>
  <object_num>1</object_num>
  <size>
    <width>720</width>
    <height>1160</height>
  </size>
  <object>
    <name>blue_plate</name>
    <difficult>0</difficult>
    <bndbox>
      <xmin>259</xmin>
      <ymin>485</ymin>
      <xmax>468</xmax>
      <ymax>565</ymax>
    </bndbox>
  </object>
</annotation>
