<?xml version='1.0' encoding='UTF-8'?>
<annotation>
  <filename>0117875957855-92_88-225&amp;498_421&amp;581-413&amp;592_215&amp;556_215&amp;486_413&amp;522-0_0_6_25_9_30_30-142-32.jpg</filename>
  <object_num>1</object_num>
  <size>
    <width>720</width>
    <height>1160</height>
  </size>
  <object>
    <name>blue_plate</name>
    <difficult>0</difficult>
    <bndbox>
      <xmin>198</xmin>
      <ymin>482</ymin>
      <xmax>419</xmax>
      <ymax>591</ymax>
    </bndbox>
  </object>
</annotation>
