<?xml version='1.0' encoding='UTF-8'?>
<annotation>
  <filename>0117971743295-91_83-258&amp;455_448&amp;534-453&amp;537_252&amp;518_244&amp;451_445&amp;470-0_0_10_31_5_25_27-127-14.jpg</filename>
  <object_num>1</object_num>
  <size>
    <width>720</width>
    <height>1160</height>
  </size>
  <object>
    <name>blue_plate</name>
    <difficult>0</difficult>
    <bndbox>
      <xmin>238</xmin>
      <ymin>447</ymin>
      <xmax>454</xmax>
      <ymax>543</ymax>
    </bndbox>
  </object>
</annotation>
