<?xml version='1.0' encoding='UTF-8'?>
<annotation>
  <filename>0117672413793-88_94-483&amp;526_649&amp;607-647&amp;587_493&amp;603_498&amp;547_652&amp;531-0_0_16_12_26_33_31-66-21.jpg</filename>
  <object_num>1</object_num>
  <size>
    <width>720</width>
    <height>1160</height>
  </size>
  <object>
    <name>blue_plate</name>
    <difficult>0</difficult>
    <bndbox>
      <xmin>481</xmin>
      <ymin>526</ymin>
      <xmax>646</xmax>
      <ymax>599</ymax>
    </bndbox>
  </object>
</annotation>
