<?xml version='1.0' encoding='UTF-8'?>
<annotation>
  <filename>0117397030652-90_92-186&amp;466_384&amp;525-387&amp;520_195&amp;527_194&amp;462_386&amp;455-15_14_12_32_27_10_32-103-7.jpg</filename>
  <object_num>1</object_num>
  <size>
    <width>720</width>
    <height>1160</height>
  </size>
  <object>
    <name>blue_plate</name>
    <difficult>0</difficult>
    <bndbox>
      <xmin>184</xmin>
      <ymin>453</ymin>
      <xmax>384</xmax>
      <ymax>521</ymax>
    </bndbox>
  </object>
</annotation>
