<?xml version='1.0' encoding='UTF-8'?>
<annotation>
  <filename>0117971743295-90_91-368&amp;601_559&amp;659-560&amp;667_373&amp;665_377&amp;593_564&amp;595-0_0_33_25_9_25_26-135-24.jpg</filename>
  <object_num>1</object_num>
  <size>
    <width>720</width>
    <height>1160</height>
  </size>
  <object>
    <name>blue_plate</name>
    <difficult>0</difficult>
    <bndbox>
      <xmin>359</xmin>
      <ymin>586</ymin>
      <xmax>560</xmax>
      <ymax>670</ymax>
    </bndbox>
  </object>
</annotation>
