<?xml version='1.0' encoding='UTF-8'?>
<annotation>
  <filename>0117852011495-91_81-290&amp;498_511&amp;567-535&amp;563_298&amp;568_284&amp;491_521&amp;486-0_0_29_24_30_30_30-103-20.jpg</filename>
  <object_num>1</object_num>
  <size>
    <width>720</width>
    <height>1160</height>
  </size>
  <object>
    <name>blue_plate</name>
    <difficult>0</difficult>
    <bndbox>
      <xmin>276</xmin>
      <ymin>479</ymin>
      <xmax>532</xmax>
      <ymax>567</ymax>
    </bndbox>
  </object>
</annotation>
