<?xml version='1.0' encoding='UTF-8'?>
<annotation>
  <filename>0117361111111-92_86-285&amp;527_455&amp;592-457&amp;592_285&amp;584_285&amp;525_457&amp;533-0_0_6_33_33_24_22-96-51.jpg</filename>
  <object_num>1</object_num>
  <size>
    <width>720</width>
    <height>1160</height>
  </size>
  <object>
    <name>blue_plate</name>
    <difficult>0</difficult>
    <bndbox>
      <xmin>274</xmin>
      <ymin>518</ymin>
      <xmax>459</xmax>
      <ymax>595</ymax>
    </bndbox>
  </object>
</annotation>
