<?xml version='1.0' encoding='UTF-8'?>
<annotation>
  <filename>0117337164751-90_84-226&amp;530_440&amp;591-440&amp;598_219&amp;592_217&amp;524_438&amp;530-0_0_3_31_31_31_8-104-54.jpg</filename>
  <object_num>1</object_num>
  <size>
    <width>720</width>
    <height>1160</height>
  </size>
  <object>
    <name>blue_plate</name>
    <difficult>0</difficult>
    <bndbox>
      <xmin>209</xmin>
      <ymin>516</ymin>
      <xmax>440</xmax>
      <ymax>594</ymax>
    </bndbox>
  </object>
</annotation>
