<?xml version='1.0' encoding='UTF-8'?>
<annotation>
  <filename>011721743295-91_88-238&amp;422_430&amp;484-440&amp;488_240&amp;484_239&amp;419_439&amp;423-0_0_5_32_25_26_27-145-34.jpg</filename>
  <object_num>1</object_num>
  <size>
    <width>720</width>
    <height>1160</height>
  </size>
  <object>
    <name>blue_plate</name>
    <difficult>0</difficult>
    <bndbox>
      <xmin>231</xmin>
      <ymin>412</ymin>
      <xmax>436</xmax>
      <ymax>489</ymax>
    </bndbox>
  </object>
</annotation>
