<?xml version='1.0' encoding='UTF-8'?>
<annotation>
  <filename>0117385057471-89_90-208&amp;426_392&amp;487-394&amp;480_218&amp;493_216&amp;429_392&amp;416-0_0_3_25_24_33_18-23-17.jpg</filename>
  <object_num>1</object_num>
  <size>
    <width>720</width>
    <height>1160</height>
  </size>
  <object>
    <name>blue_plate</name>
    <difficult>0</difficult>
    <bndbox>
      <xmin>203</xmin>
      <ymin>413</ymin>
      <xmax>395</xmax>
      <ymax>493</ymax>
    </bndbox>
  </object>
</annotation>
