<?xml version='1.0' encoding='UTF-8'?>
<annotation>
  <filename>0118007662835-90_84-239&amp;417_431&amp;487-441&amp;492_246&amp;480_239&amp;408_434&amp;420-0_0_1_25_24_24_7-132-35.jpg</filename>
  <object_num>1</object_num>
  <size>
    <width>720</width>
    <height>1160</height>
  </size>
  <object>
    <name>blue_plate</name>
    <difficult>0</difficult>
    <bndbox>
      <xmin>235</xmin>
      <ymin>400</ymin>
      <xmax>442</xmax>
      <ymax>491</ymax>
    </bndbox>
  </object>
</annotation>
