<?xml version='1.0' encoding='UTF-8'?>
<annotation>
  <filename>0118965517241-90_91-261&amp;547_459&amp;617-473&amp;617_262&amp;620_266&amp;548_477&amp;545-0_0_23_11_31_26_30-51-9.jpg</filename>
  <object_num>1</object_num>
  <size>
    <width>720</width>
    <height>1160</height>
  </size>
  <object>
    <name>blue_plate</name>
    <difficult>0</difficult>
    <bndbox>
      <xmin>257</xmin>
      <ymin>543</ymin>
      <xmax>474</xmax>
      <ymax>615</ymax>
    </bndbox>
  </object>
</annotation>
