<?xml version='1.0' encoding='UTF-8'?>
<annotation>
  <filename>0118510536398-90_77-192&amp;548_426&amp;616-429&amp;616_211&amp;619_177&amp;545_395&amp;542-0_0_13_2_33_26_29-62-20.jpg</filename>
  <object_num>1</object_num>
  <size>
    <width>720</width>
    <height>1160</height>
  </size>
  <object>
    <name>blue_plate</name>
    <difficult>0</difficult>
    <bndbox>
      <xmin>184</xmin>
      <ymin>536</ymin>
      <xmax>425</xmax>
      <ymax>617</ymax>
    </bndbox>
  </object>
</annotation>
