<?xml version='1.0' encoding='UTF-8'?>
<annotation>
  <filename>0118031609195-90_83-192&amp;353_400&amp;429-413&amp;417_199&amp;434_182&amp;367_396&amp;350-0_0_28_28_33_0_32-126-28.jpg</filename>
  <object_num>1</object_num>
  <size>
    <width>720</width>
    <height>1160</height>
  </size>
  <object>
    <name>blue_plate</name>
    <difficult>0</difficult>
    <bndbox>
      <xmin>176</xmin>
      <ymin>341</ymin>
      <xmax>412</xmax>
      <ymax>433</ymax>
    </bndbox>
  </object>
</annotation>
