<?xml version='1.0' encoding='UTF-8'?>
<annotation>
  <filename>0118793402778-95_263-243&amp;444_404&amp;518-404&amp;518_244&amp;495_243&amp;444_403&amp;460-0_0_3_25_30_30_32_30-140-36.jpg</filename>
  <object_num>1</object_num>
  <size>
    <width>720</width>
    <height>1160</height>
  </size>
  <object>
    <name>greed_plate</name>
    <difficult>0</difficult>
    <bndbox>
      <xmin>237</xmin>
      <ymin>442</ymin>
      <xmax>408</xmax>
      <ymax>520</ymax>
    </bndbox>
  </object>
</annotation>
