<?xml version='1.0' encoding='UTF-8'?>
<annotation>
  <filename>0118007662835-91_87-307&amp;339_501&amp;412-508&amp;411_305&amp;405_306&amp;341_509&amp;347-0_0_15_33_24_30_9-94-25.jpg</filename>
  <object_num>1</object_num>
  <size>
    <width>720</width>
    <height>1160</height>
  </size>
  <object>
    <name>blue_plate</name>
    <difficult>0</difficult>
    <bndbox>
      <xmin>296</xmin>
      <ymin>334</ymin>
      <xmax>507</xmax>
      <ymax>412</ymax>
    </bndbox>
  </object>
</annotation>
