<?xml version='1.0' encoding='UTF-8'?>
<annotation>
  <filename>0118965517241-91_86-273&amp;505_468&amp;576-473&amp;578_265&amp;574_267&amp;503_475&amp;507-0_0_19_26_24_27_28-186-25.jpg</filename>
  <object_num>1</object_num>
  <size>
    <width>720</width>
    <height>1160</height>
  </size>
  <object>
    <name>blue_plate</name>
    <difficult>0</difficult>
    <bndbox>
      <xmin>255</xmin>
      <ymin>494</ymin>
      <xmax>472</xmax>
      <ymax>583</ymax>
    </bndbox>
  </object>
</annotation>
