<?xml version='1.0' encoding='UTF-8'?>
<annotation>
  <filename>0118067528736-90_92-277&amp;510_488&amp;582-493&amp;580_272&amp;583_270&amp;509_491&amp;506-0_0_31_24_27_22_27-184-13.jpg</filename>
  <object_num>1</object_num>
  <size>
    <width>720</width>
    <height>1160</height>
  </size>
  <object>
    <name>blue_plate</name>
    <difficult>0</difficult>
    <bndbox>
      <xmin>260</xmin>
      <ymin>500</ymin>
      <xmax>493</xmax>
      <ymax>585</ymax>
    </bndbox>
  </object>
</annotation>
