<?xml version='1.0' encoding='UTF-8'?>
<annotation>
  <filename>0118965517241-90_84-192&amp;474_414&amp;541-411&amp;538_188&amp;546_188&amp;470_411&amp;462-0_0_21_2_32_24_33-135-17.jpg</filename>
  <object_num>1</object_num>
  <size>
    <width>720</width>
    <height>1160</height>
  </size>
  <object>
    <name>blue_plate</name>
    <difficult>0</difficult>
    <bndbox>
      <xmin>175</xmin>
      <ymin>456</ymin>
      <xmax>409</xmax>
      <ymax>544</ymax>
    </bndbox>
  </object>
</annotation>
