<?xml version='1.0' encoding='UTF-8'?>
<annotation>
  <filename>0118678160919-90_85-309&amp;619_532&amp;686-534&amp;691_302&amp;684_294&amp;606_526&amp;613-0_0_29_32_22_32_25-149-47.jpg</filename>
  <object_num>1</object_num>
  <size>
    <width>720</width>
    <height>1160</height>
  </size>
  <object>
    <name>blue_plate</name>
    <difficult>0</difficult>
    <bndbox>
      <xmin>293</xmin>
      <ymin>601</ymin>
      <xmax>530</xmax>
      <ymax>695</ymax>
    </bndbox>
  </object>
</annotation>
