<?xml version='1.0' encoding='UTF-8'?>
<annotation>
  <filename>0118007662835-92_84-241&amp;461_430&amp;530-437&amp;539_242&amp;528_233&amp;463_428&amp;474-0_0_3_30_25_33_30-177-23.jpg</filename>
  <object_num>1</object_num>
  <size>
    <width>720</width>
    <height>1160</height>
  </size>
  <object>
    <name>blue_plate</name>
    <difficult>0</difficult>
    <bndbox>
      <xmin>225</xmin>
      <ymin>455</ymin>
      <xmax>439</xmax>
      <ymax>547</ymax>
    </bndbox>
  </object>
</annotation>
