<?xml version='1.0' encoding='UTF-8'?>
<annotation>
  <filename>0118965517241-90_88-255&amp;499_494&amp;561-491&amp;558_259&amp;559_257&amp;491_489&amp;490-0_0_20_31_21_31_30-119-30.jpg</filename>
  <object_num>1</object_num>
  <size>
    <width>720</width>
    <height>1160</height>
  </size>
  <object>
    <name>blue_plate</name>
    <difficult>0</difficult>
    <bndbox>
      <xmin>252</xmin>
      <ymin>481</ymin>
      <xmax>491</xmax>
      <ymax>564</ymax>
    </bndbox>
  </object>
</annotation>
