<?xml version='1.0' encoding='UTF-8'?>
<annotation>
  <filename>011875-90_267-264&amp;550_435&amp;613-435&amp;605_267&amp;613_264&amp;550_430&amp;550-0_0_3_28_30_31_30_32-140-13.jpg</filename>
  <object_num>1</object_num>
  <size>
    <width>720</width>
    <height>1160</height>
  </size>
  <object>
    <name>greed_plate</name>
    <difficult>0</difficult>
    <bndbox>
      <xmin>257</xmin>
      <ymin>546</ymin>
      <xmax>439</xmax>
      <ymax>615</ymax>
    </bndbox>
  </object>
</annotation>
