<?xml version='1.0' encoding='UTF-8'?>
<annotation>
  <filename>0118510536398-90_86-325&amp;368_547&amp;435-546&amp;441_317&amp;440_317&amp;362_546&amp;363-0_0_16_27_26_27_29-196-12.jpg</filename>
  <object_num>1</object_num>
  <size>
    <width>720</width>
    <height>1160</height>
  </size>
  <object>
    <name>blue_plate</name>
    <difficult>0</difficult>
    <bndbox>
      <xmin>307</xmin>
      <ymin>359</ymin>
      <xmax>541</xmax>
      <ymax>442</ymax>
    </bndbox>
  </object>
</annotation>
