<?xml version='1.0' encoding='UTF-8'?>
<annotation>
  <filename>0118031609195-90_90-264&amp;464_473&amp;545-463&amp;542_257&amp;539_270&amp;468_476&amp;471-0_0_11_26_2_33_33-88-39.jpg</filename>
  <object_num>1</object_num>
  <size>
    <width>720</width>
    <height>1160</height>
  </size>
  <object>
    <name>blue_plate</name>
    <difficult>0</difficult>
    <bndbox>
      <xmin>257</xmin>
      <ymin>460</ymin>
      <xmax>467</xmax>
      <ymax>543</ymax>
    </bndbox>
  </object>
</annotation>
