<?xml version='1.0' encoding='UTF-8'?>
<annotation>
  <filename>01188697318-96_86-399&amp;425_553&amp;512-552&amp;531_388&amp;493_391&amp;423_555&amp;461-0_0_26_30_24_2_25-120-25.jpg</filename>
  <object_num>1</object_num>
  <size>
    <width>720</width>
    <height>1160</height>
  </size>
  <object>
    <name>blue_plate</name>
    <difficult>0</difficult>
    <bndbox>
      <xmin>370</xmin>
      <ymin>423</ymin>
      <xmax>562</xmax>
      <ymax>540</ymax>
    </bndbox>
  </object>
</annotation>
