<?xml version='1.0' encoding='UTF-8'?>
<annotation>
  <filename>011877394636-91_87-363&amp;625_541&amp;702-547&amp;705_364&amp;699_356&amp;619_539&amp;625-0_0_21_25_4_29_29-135-10.jpg</filename>
  <object_num>1</object_num>
  <size>
    <width>720</width>
    <height>1160</height>
  </size>
  <object>
    <name>blue_plate</name>
    <difficult>0</difficult>
    <bndbox>
      <xmin>351</xmin>
      <ymin>615</ymin>
      <xmax>545</xmax>
      <ymax>704</ymax>
    </bndbox>
  </object>
</annotation>
