<?xml version='1.0' encoding='UTF-8'?>
<annotation>
  <filename>0118965517241-89_91-276&amp;428_474&amp;500-468&amp;496_272&amp;495_273&amp;428_469&amp;429-0_0_16_24_3_32_33-190-11.jpg</filename>
  <object_num>1</object_num>
  <size>
    <width>720</width>
    <height>1160</height>
  </size>
  <object>
    <name>blue_plate</name>
    <difficult>0</difficult>
    <bndbox>
      <xmin>259</xmin>
      <ymin>421</ymin>
      <xmax>467</xmax>
      <ymax>498</ymax>
    </bndbox>
  </object>
</annotation>
