<?xml version='1.0' encoding='UTF-8'?>
<annotation>
  <filename>0118295019157-90_84-265&amp;403_464&amp;476-470&amp;473_270&amp;475_252&amp;406_452&amp;404-0_0_23_3_28_27_26-142-56.jpg</filename>
  <object_num>1</object_num>
  <size>
    <width>720</width>
    <height>1160</height>
  </size>
  <object>
    <name>blue_plate</name>
    <difficult>0</difficult>
    <bndbox>
      <xmin>252</xmin>
      <ymin>392</ymin>
      <xmax>469</xmax>
      <ymax>478</ymax>
    </bndbox>
  </object>
</annotation>
