<?xml version='1.0' encoding='UTF-8'?>
<annotation>
  <filename>0118031609195-88_88-207&amp;489_420&amp;547-428&amp;560_214&amp;559_198&amp;489_412&amp;490-0_0_30_33_28_0_26-134-17.jpg</filename>
  <object_num>1</object_num>
  <size>
    <width>720</width>
    <height>1160</height>
  </size>
  <object>
    <name>blue_plate</name>
    <difficult>0</difficult>
    <bndbox>
      <xmin>191</xmin>
      <ymin>477</ymin>
      <xmax>428</xmax>
      <ymax>573</ymax>
    </bndbox>
  </object>
</annotation>
