<?xml version='1.0' encoding='UTF-8'?>
<annotation>
  <filename>0118965517241-90_88-186&amp;520_394&amp;584-386&amp;585_198&amp;585_198&amp;521_386&amp;521-0_0_15_25_25_32_21-123-26.jpg</filename>
  <object_num>1</object_num>
  <size>
    <width>720</width>
    <height>1160</height>
  </size>
  <object>
    <name>blue_plate</name>
    <difficult>0</difficult>
    <bndbox>
      <xmin>184</xmin>
      <ymin>511</ymin>
      <xmax>387</xmax>
      <ymax>583</ymax>
    </bndbox>
  </object>
</annotation>
