<?xml version='1.0' encoding='UTF-8'?>
<annotation>
  <filename>0118067528736-89_89-220&amp;534_401&amp;594-400&amp;588_220&amp;595_222&amp;530_402&amp;523-0_0_31_29_31_24_27-152-25.jpg</filename>
  <object_num>1</object_num>
  <size>
    <width>720</width>
    <height>1160</height>
  </size>
  <object>
    <name>blue_plate</name>
    <difficult>0</difficult>
    <bndbox>
      <xmin>210</xmin>
      <ymin>516</ymin>
      <xmax>400</xmax>
      <ymax>598</ymax>
    </bndbox>
  </object>
</annotation>
