<?xml version='1.0' encoding='UTF-8'?>
<annotation>
  <filename>0118534482759-90_92-286&amp;443_484&amp;524-477&amp;511_285&amp;518_291&amp;453_483&amp;446-0_0_32_30_17_29_24-89-24.jpg</filename>
  <object_num>1</object_num>
  <size>
    <width>720</width>
    <height>1160</height>
  </size>
  <object>
    <name>blue_plate</name>
    <difficult>0</difficult>
    <bndbox>
      <xmin>271</xmin>
      <ymin>438</ymin>
      <xmax>479</xmax>
      <ymax>516</ymax>
    </bndbox>
  </object>
</annotation>
