<?xml version='1.0' encoding='UTF-8'?>
<annotation>
  <filename>0119516283524-89_92-205&amp;454_393&amp;519-386&amp;527_199&amp;526_205&amp;448_392&amp;449-0_0_13_14_32_26_32-47-8.jpg</filename>
  <object_num>1</object_num>
  <size>
    <width>720</width>
    <height>1160</height>
  </size>
  <object>
    <name>blue_plate</name>
    <difficult>0</difficult>
    <bndbox>
      <xmin>184</xmin>
      <ymin>441</ymin>
      <xmax>386</xmax>
      <ymax>528</ymax>
    </bndbox>
  </object>
</annotation>
