<?xml version='1.0' encoding='UTF-8'?>
<annotation>
  <filename>0119133141762-90_84-217&amp;501_437&amp;563-436&amp;567_219&amp;560_219&amp;490_436&amp;497-2_14_21_29_27_30_27-145-21.jpg</filename>
  <object_num>1</object_num>
  <size>
    <width>720</width>
    <height>1160</height>
  </size>
  <object>
    <name>blue_plate</name>
    <difficult>0</difficult>
    <bndbox>
      <xmin>207</xmin>
      <ymin>480</ymin>
      <xmax>434</xmax>
      <ymax>570</ymax>
    </bndbox>
  </object>
</annotation>
