<?xml version='1.0' encoding='UTF-8'?>
<annotation>
  <filename>0119779693486-91_84-282&amp;459_458&amp;533-465&amp;544_290&amp;526_277&amp;452_452&amp;470-0_0_22_24_21_31_29-162-17.jpg</filename>
  <object_num>1</object_num>
  <size>
    <width>720</width>
    <height>1160</height>
  </size>
  <object>
    <name>blue_plate</name>
    <difficult>0</difficult>
    <bndbox>
      <xmin>276</xmin>
      <ymin>453</ymin>
      <xmax>464</xmax>
      <ymax>541</ymax>
    </bndbox>
  </object>
</annotation>
