<?xml version='1.0' encoding='UTF-8'?>
<annotation>
  <filename>0119612068966-90_90-224&amp;395_428&amp;462-427&amp;458_227&amp;464_229&amp;397_429&amp;391-0_0_17_1_30_27_30-73-16.jpg</filename>
  <object_num>1</object_num>
  <size>
    <width>720</width>
    <height>1160</height>
  </size>
  <object>
    <name>blue_plate</name>
    <difficult>0</difficult>
    <bndbox>
      <xmin>213</xmin>
      <ymin>389</ymin>
      <xmax>434</xmax>
      <ymax>465</ymax>
    </bndbox>
  </object>
</annotation>
