<?xml version='1.0' encoding='UTF-8'?>
<annotation>
  <filename>0119348659004-88_91-350&amp;322_543&amp;398-545&amp;390_347&amp;399_346&amp;331_544&amp;322-0_0_2_27_4_27_30-150-35.jpg</filename>
  <object_num>1</object_num>
  <size>
    <width>720</width>
    <height>1160</height>
  </size>
  <object>
    <name>blue_plate</name>
    <difficult>0</difficult>
    <bndbox>
      <xmin>338</xmin>
      <ymin>317</ymin>
      <xmax>543</xmax>
      <ymax>397</ymax>
    </bndbox>
  </object>
</annotation>
