<?xml version='1.0' encoding='UTF-8'?>
<annotation>
  <filename>0119193007662-91_83-245&amp;542_453&amp;609-446&amp;612_247&amp;608_244&amp;535_443&amp;539-0_0_27_11_33_29_26-142-13.jpg</filename>
  <object_num>1</object_num>
  <size>
    <width>720</width>
    <height>1160</height>
  </size>
  <object>
    <name>blue_plate</name>
    <difficult>0</difficult>
    <bndbox>
      <xmin>233</xmin>
      <ymin>524</ymin>
      <xmax>436</xmax>
      <ymax>613</ymax>
    </bndbox>
  </object>
</annotation>
