<?xml version='1.0' encoding='UTF-8'?>
<annotation>
  <filename>0119731800766-90_88-352&amp;518_581&amp;599-587&amp;595_349&amp;603_343&amp;528_581&amp;520-0_0_5_33_24_24_13-171-49.jpg</filename>
  <object_num>1</object_num>
  <size>
    <width>720</width>
    <height>1160</height>
  </size>
  <object>
    <name>blue_plate</name>
    <difficult>0</difficult>
    <bndbox>
      <xmin>339</xmin>
      <ymin>509</ymin>
      <xmax>584</xmax>
      <ymax>601</ymax>
    </bndbox>
  </object>
</annotation>
