<?xml version='1.0' encoding='UTF-8'?>
<annotation>
  <filename>0119073275862-90_88-191&amp;502_397&amp;566-402&amp;566_191&amp;568_195&amp;497_406&amp;495-0_7_19_6_33_33_30-24-14.jpg</filename>
  <object_num>1</object_num>
  <size>
    <width>720</width>
    <height>1160</height>
  </size>
  <object>
    <name>blue_plate</name>
    <difficult>0</difficult>
    <bndbox>
      <xmin>179</xmin>
      <ymin>487</ymin>
      <xmax>401</xmax>
      <ymax>566</ymax>
    </bndbox>
  </object>
</annotation>
