<?xml version='1.0' encoding='UTF-8'?>
<annotation>
  <filename>0119851532567-89_93-253&amp;505_456&amp;581-460&amp;568_247&amp;579_251&amp;508_464&amp;497-0_0_15_32_22_24_32-125-37.jpg</filename>
  <object_num>1</object_num>
  <size>
    <width>720</width>
    <height>1160</height>
  </size>
  <object>
    <name>blue_plate</name>
    <difficult>0</difficult>
    <bndbox>
      <xmin>237</xmin>
      <ymin>490</ymin>
      <xmax>459</xmax>
      <ymax>577</ymax>
    </bndbox>
  </object>
</annotation>
