<?xml version='1.0' encoding='UTF-8'?>
<annotation>
  <filename>0119971264367-91_80-335&amp;356_513&amp;427-511&amp;432_337&amp;414_328&amp;347_502&amp;365-0_0_33_16_25_32_32-95-8.jpg</filename>
  <object_num>1</object_num>
  <size>
    <width>720</width>
    <height>1160</height>
  </size>
  <object>
    <name>blue_plate</name>
    <difficult>0</difficult>
    <bndbox>
      <xmin>330</xmin>
      <ymin>347</ymin>
      <xmax>510</xmax>
      <ymax>435</ymax>
    </bndbox>
  </object>
</annotation>
