<?xml version='1.0' encoding='UTF-8'?>
<annotation>
  <filename>0119097222222-90_86-257&amp;485_483&amp;548-468&amp;546_262&amp;547_264&amp;483_470&amp;482-0_0_24_25_0_26_26-93-60.jpg</filename>
  <object_num>1</object_num>
  <size>
    <width>720</width>
    <height>1160</height>
  </size>
  <object>
    <name>blue_plate</name>
    <difficult>0</difficult>
    <bndbox>
      <xmin>247</xmin>
      <ymin>471</ymin>
      <xmax>467</xmax>
      <ymax>548</ymax>
    </bndbox>
  </object>
</annotation>
