<?xml version='1.0' encoding='UTF-8'?>
<annotation>
  <filename>0119348659004-92_85-248&amp;496_442&amp;569-441&amp;566_258&amp;556_256&amp;497_439&amp;507-0_0_27_13_32_25_27-75-40.jpg</filename>
  <object_num>1</object_num>
  <size>
    <width>720</width>
    <height>1160</height>
  </size>
  <object>
    <name>blue_plate</name>
    <difficult>0</difficult>
    <bndbox>
      <xmin>239</xmin>
      <ymin>490</ymin>
      <xmax>442</xmax>
      <ymax>565</ymax>
    </bndbox>
  </object>
</annotation>
