<?xml version='1.0' encoding='UTF-8'?>
<annotation>
  <filename>0119540229885-90_89-219&amp;544_422&amp;611-422&amp;611_227&amp;605_219&amp;540_414&amp;546-0_0_33_32_2_2_31-63-10.jpg</filename>
  <object_num>1</object_num>
  <size>
    <width>720</width>
    <height>1160</height>
  </size>
  <object>
    <name>blue_plate</name>
    <difficult>0</difficult>
    <bndbox>
      <xmin>210</xmin>
      <ymin>532</ymin>
      <xmax>423</xmax>
      <ymax>621</ymax>
    </bndbox>
  </object>
</annotation>
