<?xml version='1.0' encoding='UTF-8'?>
<annotation>
  <filename>0119540229885-90_85-272&amp;478_497&amp;539-492&amp;545_283&amp;543_282&amp;480_491&amp;482-0_0_9_27_25_30_8-129-56.jpg</filename>
  <object_num>1</object_num>
  <size>
    <width>720</width>
    <height>1160</height>
  </size>
  <object>
    <name>blue_plate</name>
    <difficult>0</difficult>
    <bndbox>
      <xmin>273</xmin>
      <ymin>471</ymin>
      <xmax>487</xmax>
      <ymax>549</ymax>
    </bndbox>
  </object>
</annotation>
