<?xml version='1.0' encoding='UTF-8'?>
<annotation>
  <filename>0119348659004-90_90-233&amp;504_444&amp;579-456&amp;579_225&amp;581_225&amp;502_456&amp;500-0_0_7_18_33_30_27-116-9.jpg</filename>
  <object_num>1</object_num>
  <size>
    <width>720</width>
    <height>1160</height>
  </size>
  <object>
    <name>blue_plate</name>
    <difficult>0</difficult>
    <bndbox>
      <xmin>207</xmin>
      <ymin>493</ymin>
      <xmax>455</xmax>
      <ymax>586</ymax>
    </bndbox>
  </object>
</annotation>
