<?xml version='1.0' encoding='UTF-8'?>
<annotation>
  <filename>0119348659004-90_86-244&amp;467_430&amp;542-435&amp;543_245&amp;534_239&amp;469_429&amp;478-0_0_32_18_25_32_32-156-41.jpg</filename>
  <object_num>1</object_num>
  <size>
    <width>720</width>
    <height>1160</height>
  </size>
  <object>
    <name>blue_plate</name>
    <difficult>0</difficult>
    <bndbox>
      <xmin>231</xmin>
      <ymin>465</ymin>
      <xmax>430</xmax>
      <ymax>542</ymax>
    </bndbox>
  </object>
</annotation>
