<?xml version='1.0' encoding='UTF-8'?>
<annotation>
  <filename>0119935344828-89_91-233&amp;526_438&amp;596-431&amp;593_233&amp;596_235&amp;534_433&amp;531-0_0_16_25_31_25_15-77-9.jpg</filename>
  <object_num>1</object_num>
  <size>
    <width>720</width>
    <height>1160</height>
  </size>
  <object>
    <name>blue_plate</name>
    <difficult>0</difficult>
    <bndbox>
      <xmin>221</xmin>
      <ymin>521</ymin>
      <xmax>432</xmax>
      <ymax>599</ymax>
    </bndbox>
  </object>
</annotation>
