<?xml version='1.0' encoding='UTF-8'?>
<annotation>
  <filename>0119851532567-96_85-278&amp;440_432&amp;528-426&amp;547_273&amp;505_276&amp;434_429&amp;476-0_0_0_27_24_26_8-101-26.jpg</filename>
  <object_num>1</object_num>
  <size>
    <width>720</width>
    <height>1160</height>
  </size>
  <object>
    <name>blue_plate</name>
    <difficult>0</difficult>
    <bndbox>
      <xmin>268</xmin>
      <ymin>438</ymin>
      <xmax>427</xmax>
      <ymax>550</ymax>
    </bndbox>
  </object>
</annotation>
