<?xml version='1.0' encoding='UTF-8'?>
<annotation>
  <filename>0119851532567-89_91-201&amp;499_400&amp;565-408&amp;560_203&amp;567_204&amp;498_409&amp;491-0_0_11_24_16_33_32-83-21.jpg</filename>
  <object_num>1</object_num>
  <size>
    <width>720</width>
    <height>1160</height>
  </size>
  <object>
    <name>blue_plate</name>
    <difficult>0</difficult>
    <bndbox>
      <xmin>184</xmin>
      <ymin>485</ymin>
      <xmax>405</xmax>
      <ymax>563</ymax>
    </bndbox>
  </object>
</annotation>
