<?xml version='1.0' encoding='UTF-8'?>
<annotation>
  <filename>0119612068966-91_83-227&amp;485_449&amp;552-442&amp;556_234&amp;548_230&amp;479_438&amp;487-0_0_31_25_8_27_33-94-38.jpg</filename>
  <object_num>1</object_num>
  <size>
    <width>720</width>
    <height>1160</height>
  </size>
  <object>
    <name>blue_plate</name>
    <difficult>0</difficult>
    <bndbox>
      <xmin>227</xmin>
      <ymin>471</ymin>
      <xmax>440</xmax>
      <ymax>559</ymax>
    </bndbox>
  </object>
</annotation>
