<?xml version='1.0' encoding='UTF-8'?>
<annotation>
  <filename>0119348659004-91_86-318&amp;324_523&amp;395-520&amp;393_314&amp;393_312&amp;325_518&amp;325-0_0_10_26_7_27_29-110-27.jpg</filename>
  <object_num>1</object_num>
  <size>
    <width>720</width>
    <height>1160</height>
  </size>
  <object>
    <name>blue_plate</name>
    <difficult>0</difficult>
    <bndbox>
      <xmin>305</xmin>
      <ymin>314</ymin>
      <xmax>519</xmax>
      <ymax>397</ymax>
    </bndbox>
  </object>
</annotation>
