<?xml version='1.0' encoding='UTF-8'?>
<annotation>
  <filename>0119300766283-90_89-268&amp;476_473&amp;556-476&amp;548_275&amp;552_275&amp;484_476&amp;480-0_0_32_9_26_26_25-113-26.jpg</filename>
  <object_num>1</object_num>
  <size>
    <width>720</width>
    <height>1160</height>
  </size>
  <object>
    <name>blue_plate</name>
    <difficult>0</difficult>
    <bndbox>
      <xmin>264</xmin>
      <ymin>472</ymin>
      <xmax>475</xmax>
      <ymax>552</ymax>
    </bndbox>
  </object>
</annotation>
