<?xml version='1.0' encoding='UTF-8'?>
<annotation>
  <filename>0119300766283-90_87-295&amp;421_499&amp;490-491&amp;487_295&amp;488_297&amp;421_493&amp;420-0_0_22_8_26_27_30-28-24.jpg</filename>
  <object_num>1</object_num>
  <size>
    <width>720</width>
    <height>1160</height>
  </size>
  <object>
    <name>blue_plate</name>
    <difficult>0</difficult>
    <bndbox>
      <xmin>283</xmin>
      <ymin>413</ymin>
      <xmax>487</xmax>
      <ymax>487</ymax>
    </bndbox>
  </object>
</annotation>
