<?xml version='1.0' encoding='UTF-8'?>
<annotation>
  <filename>0119073275862-90_93-392&amp;308_631&amp;383-627&amp;379_386&amp;393_385&amp;320_626&amp;306-0_0_5_32_30_28_30-145-35.jpg</filename>
  <object_num>1</object_num>
  <size>
    <width>720</width>
    <height>1160</height>
  </size>
  <object>
    <name>blue_plate</name>
    <difficult>0</difficult>
    <bndbox>
      <xmin>368</xmin>
      <ymin>302</ymin>
      <xmax>625</xmax>
      <ymax>389</ymax>
    </bndbox>
  </object>
</annotation>
