<?xml version='1.0' encoding='UTF-8'?>
<annotation>
  <filename>0119348659004-90_86-186&amp;491_381&amp;553-377&amp;553_186&amp;562_191&amp;490_382&amp;481-0_0_31_3_25_33_30-36-30.jpg</filename>
  <object_num>1</object_num>
  <size>
    <width>720</width>
    <height>1160</height>
  </size>
  <object>
    <name>blue_plate</name>
    <difficult>0</difficult>
    <bndbox>
      <xmin>166</xmin>
      <ymin>475</ymin>
      <xmax>378</xmax>
      <ymax>565</ymax>
    </bndbox>
  </object>
</annotation>
