<?xml version='1.0' encoding='UTF-8'?>
<annotation>
  <filename>0120905172414-91_86-204&amp;514_406&amp;569-405&amp;578_208&amp;570_211&amp;503_408&amp;511-0_0_32_27_24_10_30-151-23.jpg</filename>
  <object_num>1</object_num>
  <size>
    <width>720</width>
    <height>1160</height>
  </size>
  <object>
    <name>blue_plate</name>
    <difficult>0</difficult>
    <bndbox>
      <xmin>198</xmin>
      <ymin>498</ymin>
      <xmax>406</xmax>
      <ymax>579</ymax>
    </bndbox>
  </object>
</annotation>
