<?xml version='1.0' encoding='UTF-8'?>
<annotation>
  <filename>0120689655172-92_87-252&amp;501_426&amp;575-433&amp;577_259&amp;572_252&amp;495_426&amp;500-0_0_13_24_26_30_33-69-35.jpg</filename>
  <object_num>1</object_num>
  <size>
    <width>720</width>
    <height>1160</height>
  </size>
  <object>
    <name>blue_plate</name>
    <difficult>0</difficult>
    <bndbox>
      <xmin>251</xmin>
      <ymin>491</ymin>
      <xmax>427</xmax>
      <ymax>577</ymax>
    </bndbox>
  </object>
</annotation>
