<?xml version='1.0' encoding='UTF-8'?>
<annotation>
  <filename>0120905172414-90_89-383&amp;336_589&amp;398-596&amp;401_384&amp;399_381&amp;329_593&amp;331-0_0_30_32_7_32_27-167-49.jpg</filename>
  <object_num>1</object_num>
  <size>
    <width>720</width>
    <height>1160</height>
  </size>
  <object>
    <name>blue_plate</name>
    <difficult>0</difficult>
    <bndbox>
      <xmin>378</xmin>
      <ymin>321</ymin>
      <xmax>594</xmax>
      <ymax>404</ymax>
    </bndbox>
  </object>
</annotation>
