<?xml version='1.0' encoding='UTF-8'?>
<annotation>
  <filename>0120162835249-90_86-256&amp;477_469&amp;555-478&amp;552_268&amp;548_265&amp;481_475&amp;485-0_0_21_16_24_25_32-144-12.jpg</filename>
  <object_num>1</object_num>
  <size>
    <width>720</width>
    <height>1160</height>
  </size>
  <object>
    <name>blue_plate</name>
    <difficult>0</difficult>
    <bndbox>
      <xmin>254</xmin>
      <ymin>473</ymin>
      <xmax>473</xmax>
      <ymax>551</ymax>
    </bndbox>
  </object>
</annotation>
