<?xml version='1.0' encoding='UTF-8'?>
<annotation>
  <filename>0120114942529-96_85-374&amp;516_538&amp;595-533&amp;603_375&amp;579_381&amp;521_539&amp;545-0_0_8_30_9_25_25-99-15.jpg</filename>
  <object_num>1</object_num>
  <size>
    <width>720</width>
    <height>1160</height>
  </size>
  <object>
    <name>blue_plate</name>
    <difficult>0</difficult>
    <bndbox>
      <xmin>368</xmin>
      <ymin>516</ymin>
      <xmax>541</xmax>
      <ymax>603</ymax>
    </bndbox>
  </object>
</annotation>
