<?xml version='1.0' encoding='UTF-8'?>
<annotation>
  <filename>0120905172414-90_89-231&amp;469_437&amp;543-434&amp;540_225&amp;536_225&amp;476_434&amp;480-0_0_4_30_30_24_32-140-27.jpg</filename>
  <object_num>1</object_num>
  <size>
    <width>720</width>
    <height>1160</height>
  </size>
  <object>
    <name>blue_plate</name>
    <difficult>0</difficult>
    <bndbox>
      <xmin>214</xmin>
      <ymin>460</ymin>
      <xmax>438</xmax>
      <ymax>543</ymax>
    </bndbox>
  </object>
</annotation>
