<?xml version='1.0' encoding='UTF-8'?>
<annotation>
  <filename>012033045977-90_89-217&amp;425_443&amp;493-440&amp;495_216&amp;490_215&amp;422_439&amp;427-0_12_1_11_30_25_30-149-32.jpg</filename>
  <object_num>1</object_num>
  <size>
    <width>720</width>
    <height>1160</height>
  </size>
  <object>
    <name>blue_plate</name>
    <difficult>0</difficult>
    <bndbox>
      <xmin>203</xmin>
      <ymin>415</ymin>
      <xmax>437</xmax>
      <ymax>494</ymax>
    </bndbox>
  </object>
</annotation>
