<?xml version='1.0' encoding='UTF-8'?>
<annotation>
  <filename>0120905172414-89_90-186&amp;520_408&amp;585-408&amp;589_177&amp;594_179&amp;513_410&amp;508-0_0_30_10_26_33_33-178-30.jpg</filename>
  <object_num>1</object_num>
  <size>
    <width>720</width>
    <height>1160</height>
  </size>
  <object>
    <name>blue_plate</name>
    <difficult>0</difficult>
    <bndbox>
      <xmin>161</xmin>
      <ymin>504</ymin>
      <xmax>407</xmax>
      <ymax>595</ymax>
    </bndbox>
  </object>
</annotation>
