<?xml version='1.0' encoding='UTF-8'?>
<annotation>
  <filename>0120785440614-90_89-271&amp;469_482&amp;545-494&amp;562_268&amp;545_262&amp;465_488&amp;482-0_0_6_7_25_30_26-90-18.jpg</filename>
  <object_num>1</object_num>
  <size>
    <width>720</width>
    <height>1160</height>
  </size>
  <object>
    <name>blue_plate</name>
    <difficult>0</difficult>
    <bndbox>
      <xmin>255</xmin>
      <ymin>462</ymin>
      <xmax>495</xmax>
      <ymax>551</ymax>
    </bndbox>
  </object>
</annotation>
