<?xml version='1.0' encoding='UTF-8'?>
<annotation>
  <filename>0120988984674-90_86-277&amp;517_523&amp;576-502&amp;571_294&amp;576_284&amp;515_492&amp;510-0_0_25_28_6_28_25-43-9.jpg</filename>
  <object_num>1</object_num>
  <size>
    <width>720</width>
    <height>1160</height>
  </size>
  <object>
    <name>blue_plate</name>
    <difficult>0</difficult>
    <bndbox>
      <xmin>252</xmin>
      <ymin>505</ymin>
      <xmax>503</xmax>
      <ymax>583</ymax>
    </bndbox>
  </object>
</annotation>
