<?xml version='1.0' encoding='UTF-8'?>
<annotation>
  <filename>0120090996169-88_94-339&amp;526_515&amp;599-521&amp;589_348&amp;599_354&amp;535_527&amp;525-0_0_9_21_29_33_29-134-25.jpg</filename>
  <object_num>1</object_num>
  <size>
    <width>720</width>
    <height>1160</height>
  </size>
  <object>
    <name>blue_plate</name>
    <difficult>0</difficult>
    <bndbox>
      <xmin>336</xmin>
      <ymin>522</ymin>
      <xmax>531</xmax>
      <ymax>600</ymax>
    </bndbox>
  </object>
</annotation>
