<?xml version='1.0' encoding='UTF-8'?>
<annotation>
  <filename>0120857279693-89_84-140&amp;401_365&amp;465-364&amp;457_154&amp;459_148&amp;393_358&amp;391-0_0_32_25_29_10_27-44-43.jpg</filename>
  <object_num>1</object_num>
  <size>
    <width>720</width>
    <height>1160</height>
  </size>
  <object>
    <name>blue_plate</name>
    <difficult>0</difficult>
    <bndbox>
      <xmin>141</xmin>
      <ymin>383</ymin>
      <xmax>356</xmax>
      <ymax>459</ymax>
    </bndbox>
  </object>
</annotation>
