<?xml version='1.0' encoding='UTF-8'?>
<annotation>
  <filename>012025862069-90_89-287&amp;363_498&amp;429-501&amp;434_276&amp;437_276&amp;363_501&amp;360-0_0_7_26_25_32_30-141-25.jpg</filename>
  <object_num>1</object_num>
  <size>
    <width>720</width>
    <height>1160</height>
  </size>
  <object>
    <name>blue_plate</name>
    <difficult>0</difficult>
    <bndbox>
      <xmin>266</xmin>
      <ymin>352</ymin>
      <xmax>497</xmax>
      <ymax>441</ymax>
    </bndbox>
  </object>
</annotation>
