<?xml version='1.0' encoding='UTF-8'?>
<annotation>
  <filename>0120857279693-90_85-91&amp;421_316&amp;480-320&amp;485_94&amp;491_79&amp;419_305&amp;413-0_12_28_10_27_26_26-146-29.jpg</filename>
  <object_num>1</object_num>
  <size>
    <width>720</width>
    <height>1160</height>
  </size>
  <object>
    <name>blue_plate</name>
    <difficult>0</difficult>
    <bndbox>
      <xmin>73</xmin>
      <ymin>408</ymin>
      <xmax>311</xmax>
      <ymax>487</ymax>
    </bndbox>
  </object>
</annotation>
