<?xml version='1.0' encoding='UTF-8'?>
<annotation>
  <filename>0120569923372-90_91-254&amp;474_450&amp;546-451&amp;535_260&amp;537_259&amp;477_450&amp;475-0_0_33_30_33_12_25-75-6.jpg</filename>
  <object_num>1</object_num>
  <size>
    <width>720</width>
    <height>1160</height>
  </size>
  <object>
    <name>blue_plate</name>
    <difficult>0</difficult>
    <bndbox>
      <xmin>240</xmin>
      <ymin>466</ymin>
      <xmax>453</xmax>
      <ymax>539</ymax>
    </bndbox>
  </object>
</annotation>
