<?xml version='1.0' encoding='UTF-8'?>
<annotation>
  <filename>0120510057471-89_91-298&amp;462_492&amp;538-498&amp;527_302&amp;537_298&amp;474_494&amp;464-0_0_1_31_2_27_31-135-19.jpg</filename>
  <object_num>1</object_num>
  <size>
    <width>720</width>
    <height>1160</height>
  </size>
  <object>
    <name>blue_plate</name>
    <difficult>0</difficult>
    <bndbox>
      <xmin>289</xmin>
      <ymin>456</ymin>
      <xmax>494</xmax>
      <ymax>537</ymax>
    </bndbox>
  </object>
</annotation>
