<?xml version='1.0' encoding='UTF-8'?>
<annotation>
  <filename>0120833333333-90_89-264&amp;463_452&amp;523-456&amp;524_272&amp;525_272&amp;461_456&amp;460-0_0_18_24_11_32_29-121-28.jpg</filename>
  <object_num>1</object_num>
  <size>
    <width>720</width>
    <height>1160</height>
  </size>
  <object>
    <name>blue_plate</name>
    <difficult>0</difficult>
    <bndbox>
      <xmin>261</xmin>
      <ymin>452</ymin>
      <xmax>453</xmax>
      <ymax>527</ymax>
    </bndbox>
  </object>
</annotation>
