<?xml version='1.0' encoding='UTF-8'?>
<annotation>
  <filename>0120689655172-92_89-280&amp;487_466&amp;562-475&amp;559_293&amp;547_286&amp;476_468&amp;488-0_0_23_33_7_32_24-97-14.jpg</filename>
  <object_num>1</object_num>
  <size>
    <width>720</width>
    <height>1160</height>
  </size>
  <object>
    <name>blue_plate</name>
    <difficult>0</difficult>
    <bndbox>
      <xmin>282</xmin>
      <ymin>474</ymin>
      <xmax>472</xmax>
      <ymax>559</ymax>
    </bndbox>
  </object>
</annotation>
