<?xml version='1.0' encoding='UTF-8'?>
<annotation>
  <filename>0120510057471-91_83-239&amp;518_434&amp;586-438&amp;593_251&amp;578_243&amp;505_430&amp;520-0_0_29_5_27_32_33-61-10.jpg</filename>
  <object_num>1</object_num>
  <size>
    <width>720</width>
    <height>1160</height>
  </size>
  <object>
    <name>blue_plate</name>
    <difficult>0</difficult>
    <bndbox>
      <xmin>231</xmin>
      <ymin>504</ymin>
      <xmax>435</xmax>
      <ymax>587</ymax>
    </bndbox>
  </object>
</annotation>
