<?xml version='1.0' encoding='UTF-8'?>
<annotation>
  <filename>0120857279693-90_84-322&amp;505_553&amp;566-570&amp;576_316&amp;570_300&amp;494_554&amp;500-0_0_13_27_30_32_0-173-14.jpg</filename>
  <object_num>1</object_num>
  <size>
    <width>720</width>
    <height>1160</height>
  </size>
  <object>
    <name>blue_plate</name>
    <difficult>0</difficult>
    <bndbox>
      <xmin>294</xmin>
      <ymin>488</ymin>
      <xmax>569</xmax>
      <ymax>577</ymax>
    </bndbox>
  </object>
</annotation>
