<?xml version='1.0' encoding='UTF-8'?>
<annotation>
  <filename>0120510057471-89_86-216&amp;461_411&amp;537-414&amp;529_228&amp;541_204&amp;474_390&amp;462-0_0_23_25_5_31_30-164-20.jpg</filename>
  <object_num>1</object_num>
  <size>
    <width>720</width>
    <height>1160</height>
  </size>
  <object>
    <name>blue_plate</name>
    <difficult>0</difficult>
    <bndbox>
      <xmin>204</xmin>
      <ymin>456</ymin>
      <xmax>412</xmax>
      <ymax>539</ymax>
    </bndbox>
  </object>
</annotation>
