<?xml version='1.0' encoding='UTF-8'?>
<annotation>
  <filename>0120114942529-92_81-249&amp;635_441&amp;710-450&amp;716_248&amp;705_243&amp;634_445&amp;645-0_0_0_33_21_26_29-172-25.jpg</filename>
  <object_num>1</object_num>
  <size>
    <width>720</width>
    <height>1160</height>
  </size>
  <object>
    <name>blue_plate</name>
    <difficult>0</difficult>
    <bndbox>
      <xmin>236</xmin>
      <ymin>626</ymin>
      <xmax>450</xmax>
      <ymax>724</ymax>
    </bndbox>
  </object>
</annotation>
