<?xml version='1.0' encoding='UTF-8'?>
<annotation>
  <filename>0120857279693-90_85-165&amp;396_394&amp;461-386&amp;459_163&amp;460_168&amp;391_391&amp;390-0_0_32_31_33_16_25-136-21.jpg</filename>
  <object_num>2</object_num>
  <size>
    <width>720</width>
    <height>1160</height>
  </size>
  <object>
    <name>greed_plate</name>
    <difficult>0</difficult>
    <bndbox>
      <xmin>311</xmin>
      <ymin>839</ymin>
      <xmax>540</xmax>
      <ymax>934</ymax>
    </bndbox>
  </object>
  <object>
    <name>blue_plate</name>
    <difficult>0</difficult>
    <bndbox>
      <xmin>148</xmin>
      <ymin>379</ymin>
      <xmax>386</xmax>
      <ymax>463</ymax>
    </bndbox>
  </object>
</annotation>
