<?xml version='1.0' encoding='UTF-8'?>
<annotation>
  <filename>0120114942529-89_89-268&amp;474_456&amp;549-458&amp;547_270&amp;556_267&amp;491_455&amp;482-0_0_20_29_17_33_29-53-13.jpg</filename>
  <object_num>1</object_num>
  <size>
    <width>720</width>
    <height>1160</height>
  </size>
  <object>
    <name>blue_plate</name>
    <difficult>0</difficult>
    <bndbox>
      <xmin>257</xmin>
      <ymin>481</ymin>
      <xmax>457</xmax>
      <ymax>551</ymax>
    </bndbox>
  </object>
</annotation>
