<?xml version='1.0' encoding='UTF-8'?>
<annotation>
  <filename>0121360153257-91_90-278&amp;361_472&amp;429-469&amp;436_275&amp;427_278&amp;359_472&amp;368-0_0_0_7_32_32_27-171-10.jpg</filename>
  <object_num>1</object_num>
  <size>
    <width>720</width>
    <height>1160</height>
  </size>
  <object>
    <name>blue_plate</name>
    <difficult>0</difficult>
    <bndbox>
      <xmin>262</xmin>
      <ymin>353</ymin>
      <xmax>474</xmax>
      <ymax>437</ymax>
    </bndbox>
  </object>
</annotation>
