<?xml version='1.0' encoding='UTF-8'?>
<annotation>
  <filename>0121479885057-90_95-274&amp;566_473&amp;631-458&amp;627_279&amp;643_299&amp;572_478&amp;556-0_0_16_29_20_24_33-101-20.jpg</filename>
  <object_num>1</object_num>
  <size>
    <width>720</width>
    <height>1160</height>
  </size>
  <object>
    <name>blue_plate</name>
    <difficult>0</difficult>
    <bndbox>
      <xmin>270</xmin>
      <ymin>554</ymin>
      <xmax>470</xmax>
      <ymax>643</ymax>
    </bndbox>
  </object>
</annotation>
