<?xml version='1.0' encoding='UTF-8'?>
<annotation>
  <filename>012183908046-90_93-231&amp;523_435&amp;585-427&amp;577_234&amp;582_244&amp;520_437&amp;515-0_7_20_0_33_33_25-107-47.jpg</filename>
  <object_num>1</object_num>
  <size>
    <width>720</width>
    <height>1160</height>
  </size>
  <object>
    <name>blue_plate</name>
    <difficult>0</difficult>
    <bndbox>
      <xmin>226</xmin>
      <ymin>506</ymin>
      <xmax>432</xmax>
      <ymax>585</ymax>
    </bndbox>
  </object>
</annotation>
