<?xml version='1.0' encoding='UTF-8'?>
<annotation>
  <filename>0121408045977-90_83-249&amp;524_460&amp;600-464&amp;592_248&amp;598_245&amp;530_461&amp;524-0_0_12_10_32_25_29-92-24.jpg</filename>
  <object_num>1</object_num>
  <size>
    <width>720</width>
    <height>1160</height>
  </size>
  <object>
    <name>blue_plate</name>
    <difficult>0</difficult>
    <bndbox>
      <xmin>232</xmin>
      <ymin>516</ymin>
      <xmax>464</xmax>
      <ymax>602</ymax>
    </bndbox>
  </object>
</annotation>
