<?xml version='1.0' encoding='UTF-8'?>
<annotation>
  <filename>0121204501916-90_90-199&amp;523_422&amp;587-429&amp;600_208&amp;593_210&amp;521_431&amp;528-0_0_17_24_25_26_29-64-18.jpg</filename>
  <object_num>1</object_num>
  <size>
    <width>720</width>
    <height>1160</height>
  </size>
  <object>
    <name>blue_plate</name>
    <difficult>0</difficult>
    <bndbox>
      <xmin>198</xmin>
      <ymin>515</ymin>
      <xmax>428</xmax>
      <ymax>599</ymax>
    </bndbox>
  </object>
</annotation>
