<?xml version='1.0' encoding='UTF-8'?>
<annotation>
  <filename>0121479885057-90_83-304&amp;491_519&amp;561-524&amp;563_308&amp;569_305&amp;483_521&amp;477-0_2_16_21_29_32_24-161-19.jpg</filename>
  <object_num>1</object_num>
  <size>
    <width>720</width>
    <height>1160</height>
  </size>
  <object>
    <name>blue_plate</name>
    <difficult>0</difficult>
    <bndbox>
      <xmin>288</xmin>
      <ymin>473</ymin>
      <xmax>521</xmax>
      <ymax>569</ymax>
    </bndbox>
  </object>
</annotation>
