<?xml version='1.0' encoding='UTF-8'?>
<annotation>
  <filename>0121743295019-94_88-327&amp;437_506&amp;512-502&amp;514_338&amp;497_344&amp;440_508&amp;457-0_0_1_25_27_29_1-112-19.jpg</filename>
  <object_num>1</object_num>
  <size>
    <width>720</width>
    <height>1160</height>
  </size>
  <object>
    <name>blue_plate</name>
    <difficult>0</difficult>
    <bndbox>
      <xmin>329</xmin>
      <ymin>438</ymin>
      <xmax>509</xmax>
      <ymax>517</ymax>
    </bndbox>
  </object>
</annotation>
