<?xml version='1.0' encoding='UTF-8'?>
<annotation>
  <filename>0121408045977-93_84-287&amp;491_461&amp;579-462&amp;577_289&amp;555_284&amp;484_457&amp;506-10_0_27_11_17_25_29-173-16.jpg</filename>
  <object_num>1</object_num>
  <size>
    <width>720</width>
    <height>1160</height>
  </size>
  <object>
    <name>blue_plate</name>
    <difficult>0</difficult>
    <bndbox>
      <xmin>281</xmin>
      <ymin>486</ymin>
      <xmax>463</xmax>
      <ymax>580</ymax>
    </bndbox>
  </object>
</annotation>
