<?xml version='1.0' encoding='UTF-8'?>
<annotation>
  <filename>0121551724138-91_85-387&amp;469_576&amp;541-576&amp;545_390&amp;536_394&amp;474_580&amp;483-0_0_9_11_29_29_29-165-70.jpg</filename>
  <object_num>1</object_num>
  <size>
    <width>720</width>
    <height>1160</height>
  </size>
  <object>
    <name>blue_plate</name>
    <difficult>0</difficult>
    <bndbox>
      <xmin>380</xmin>
      <ymin>470</ymin>
      <xmax>580</xmax>
      <ymax>549</ymax>
    </bndbox>
  </object>
</annotation>
