<?xml version='1.0' encoding='UTF-8'?>
<annotation>
  <filename>0121515804598-90_88-227&amp;489_451&amp;551-460&amp;562_221&amp;563_218&amp;481_457&amp;480-0_0_21_32_0_30_33-106-27.jpg</filename>
  <object_num>1</object_num>
  <size>
    <width>720</width>
    <height>1160</height>
  </size>
  <object>
    <name>blue_plate</name>
    <difficult>0</difficult>
    <bndbox>
      <xmin>212</xmin>
      <ymin>469</ymin>
      <xmax>458</xmax>
      <ymax>565</ymax>
    </bndbox>
  </object>
</annotation>
