<?xml version='1.0' encoding='UTF-8'?>
<annotation>
  <filename>0121827107279-90_85-200&amp;492_400&amp;566-395&amp;565_200&amp;560_196&amp;493_391&amp;498-0_0_12_7_33_29_29-83-28.jpg</filename>
  <object_num>1</object_num>
  <size>
    <width>720</width>
    <height>1160</height>
  </size>
  <object>
    <name>blue_plate</name>
    <difficult>0</difficult>
    <bndbox>
      <xmin>187</xmin>
      <ymin>485</ymin>
      <xmax>394</xmax>
      <ymax>565</ymax>
    </bndbox>
  </object>
</annotation>
