<?xml version='1.0' encoding='UTF-8'?>
<annotation>
  <filename>0121360153257-93_85-318&amp;423_517&amp;496-517&amp;502_309&amp;486_313&amp;420_521&amp;436-0_0_32_22_25_31_25-100-19.jpg</filename>
  <object_num>1</object_num>
  <size>
    <width>720</width>
    <height>1160</height>
  </size>
  <object>
    <name>blue_plate</name>
    <difficult>0</difficult>
    <bndbox>
      <xmin>300</xmin>
      <ymin>413</ymin>
      <xmax>521</xmax>
      <ymax>502</ymax>
    </bndbox>
  </object>
</annotation>
