<?xml version='1.0' encoding='UTF-8'?>
<annotation>
  <filename>0121503831417-91_85-265&amp;479_445&amp;555-450&amp;554_276&amp;546_263&amp;477_437&amp;485-0_0_26_26_29_28_26-72-19.jpg</filename>
  <object_num>1</object_num>
  <size>
    <width>720</width>
    <height>1160</height>
  </size>
  <object>
    <name>blue_plate</name>
    <difficult>0</difficult>
    <bndbox>
      <xmin>255</xmin>
      <ymin>468</ymin>
      <xmax>448</xmax>
      <ymax>559</ymax>
    </bndbox>
  </object>
</annotation>
