<?xml version='1.0' encoding='UTF-8'?>
<annotation>
  <filename>0121827107279-90_83-262&amp;522_472&amp;593-477&amp;604_263&amp;586_252&amp;513_466&amp;531-0_0_2_31_32_32_19-44-8.jpg</filename>
  <object_num>1</object_num>
  <size>
    <width>720</width>
    <height>1160</height>
  </size>
  <object>
    <name>blue_plate</name>
    <difficult>0</difficult>
    <bndbox>
      <xmin>246</xmin>
      <ymin>513</ymin>
      <xmax>467</xmax>
      <ymax>600</ymax>
    </bndbox>
  </object>
</annotation>
