<?xml version='1.0' encoding='UTF-8'?>
<annotation>
  <filename>0121695402298-84_89-346&amp;360_506&amp;433-507&amp;417_345&amp;446_339&amp;383_501&amp;354-0_0_27_18_26_29_29-163-24.jpg</filename>
  <object_num>1</object_num>
  <size>
    <width>720</width>
    <height>1160</height>
  </size>
  <object>
    <name>blue_plate</name>
    <difficult>0</difficult>
    <bndbox>
      <xmin>332</xmin>
      <ymin>354</ymin>
      <xmax>502</xmax>
      <ymax>445</ymax>
    </bndbox>
  </object>
</annotation>
