<?xml version='1.0' encoding='UTF-8'?>
<annotation>
  <filename>012183908046-89_86-224&amp;499_435&amp;561-437&amp;560_221&amp;559_221&amp;487_437&amp;488-0_0_21_30_24_30_21-158-25.jpg</filename>
  <object_num>1</object_num>
  <size>
    <width>720</width>
    <height>1160</height>
  </size>
  <object>
    <name>blue_plate</name>
    <difficult>0</difficult>
    <bndbox>
      <xmin>210</xmin>
      <ymin>481</ymin>
      <xmax>441</xmax>
      <ymax>565</ymax>
    </bndbox>
  </object>
</annotation>
