<?xml version='1.0' encoding='UTF-8'?>
<annotation>
  <filename>0121527777778-90_90-327&amp;436_510&amp;510-510&amp;509_334&amp;505_340&amp;434_516&amp;438-0_0_29_24_18_24_29-124-55.jpg</filename>
  <object_num>1</object_num>
  <size>
    <width>720</width>
    <height>1160</height>
  </size>
  <object>
    <name>blue_plate</name>
    <difficult>0</difficult>
    <bndbox>
      <xmin>313</xmin>
      <ymin>425</ymin>
      <xmax>512</xmax>
      <ymax>511</ymax>
    </bndbox>
  </object>
</annotation>
