<?xml version='1.0' encoding='UTF-8'?>
<annotation>
  <filename>0121551724138-90_91-407&amp;427_608&amp;489-611&amp;490_412&amp;492_415&amp;426_614&amp;424-0_7_13_24_33_31_30-124-25.jpg</filename>
  <object_num>1</object_num>
  <size>
    <width>720</width>
    <height>1160</height>
  </size>
  <object>
    <name>blue_plate</name>
    <difficult>0</difficult>
    <bndbox>
      <xmin>402</xmin>
      <ymin>417</ymin>
      <xmax>609</xmax>
      <ymax>495</ymax>
    </bndbox>
  </object>
</annotation>
