<?xml version='1.0' encoding='UTF-8'?>
<annotation>
  <filename>0122482638889-87_268-299&amp;480_465&amp;554-465&amp;536_304&amp;554_299&amp;491_460&amp;480-0_0_5_24_30_31_32_32-126-34.jpg</filename>
  <object_num>1</object_num>
  <size>
    <width>720</width>
    <height>1160</height>
  </size>
  <object>
    <name>greed_plate</name>
    <difficult>0</difficult>
    <bndbox>
      <xmin>296</xmin>
      <ymin>479</ymin>
      <xmax>463</xmax>
      <ymax>552</ymax>
    </bndbox>
  </object>
</annotation>
