<?xml version='1.0' encoding='UTF-8'?>
<annotation>
  <filename>012337164751-90_85-224&amp;546_440&amp;616-441&amp;627_217&amp;621_220&amp;544_444&amp;550-0_0_29_32_31_21_27-46-28.jpg</filename>
  <object_num>1</object_num>
  <size>
    <width>720</width>
    <height>1160</height>
  </size>
  <object>
    <name>blue_plate</name>
    <difficult>0</difficult>
    <bndbox>
      <xmin>202</xmin>
      <ymin>536</ymin>
      <xmax>444</xmax>
      <ymax>631</ymax>
    </bndbox>
  </object>
</annotation>
