<?xml version='1.0' encoding='UTF-8'?>
<annotation>
  <filename>012334770115-90_88-271&amp;467_489&amp;527-493&amp;545_272&amp;535_270&amp;462_491&amp;472-0_0_2_27_25_26_28-139-27.jpg</filename>
  <object_num>1</object_num>
  <size>
    <width>720</width>
    <height>1160</height>
  </size>
  <object>
    <name>blue_plate</name>
    <difficult>0</difficult>
    <bndbox>
      <xmin>248</xmin>
      <ymin>457</ymin>
      <xmax>501</xmax>
      <ymax>552</ymax>
    </bndbox>
  </object>
</annotation>
