<?xml version='1.0' encoding='UTF-8'?>
<annotation>
  <filename>012343151341-91_89-359&amp;493_552&amp;569-555&amp;577_348&amp;556_356&amp;480_563&amp;501-0_0_8_29_27_25_26-101-11.jpg</filename>
  <object_num>1</object_num>
  <size>
    <width>720</width>
    <height>1160</height>
  </size>
  <object>
    <name>blue_plate</name>
    <difficult>0</difficult>
    <bndbox>
      <xmin>328</xmin>
      <ymin>480</ymin>
      <xmax>571</xmax>
      <ymax>581</ymax>
    </bndbox>
  </object>
</annotation>
