<?xml version='1.0' encoding='UTF-8'?>
<annotation>
  <filename>012349137931-90_86-199&amp;465_399&amp;536-394&amp;537_205&amp;531_207&amp;465_396&amp;471-0_0_30_3_25_32_32-155-40.jpg</filename>
  <object_num>1</object_num>
  <size>
    <width>720</width>
    <height>1160</height>
  </size>
  <object>
    <name>blue_plate</name>
    <difficult>0</difficult>
    <bndbox>
      <xmin>186</xmin>
      <ymin>455</ymin>
      <xmax>394</xmax>
      <ymax>541</ymax>
    </bndbox>
  </object>
</annotation>
