<?xml version='1.0' encoding='UTF-8'?>
<annotation>
  <filename>012352729885-90_89-288&amp;474_482&amp;546-479&amp;543_289&amp;541_291&amp;477_481&amp;479-0_0_7_22_25_29_30-103-70.jpg</filename>
  <object_num>1</object_num>
  <size>
    <width>720</width>
    <height>1160</height>
  </size>
  <object>
    <name>blue_plate</name>
    <difficult>0</difficult>
    <bndbox>
      <xmin>282</xmin>
      <ymin>470</ymin>
      <xmax>477</xmax>
      <ymax>544</ymax>
    </bndbox>
  </object>
</annotation>
