<?xml version='1.0' encoding='UTF-8'?>
<annotation>
  <filename>012337164751-94_85-159&amp;483_336&amp;557-337&amp;556_163&amp;541_170&amp;483_344&amp;498-0_0_1_24_29_26_7-36-35.jpg</filename>
  <object_num>1</object_num>
  <size>
    <width>720</width>
    <height>1160</height>
  </size>
  <object>
    <name>blue_plate</name>
    <difficult>0</difficult>
    <bndbox>
      <xmin>153</xmin>
      <ymin>478</ymin>
      <xmax>342</xmax>
      <ymax>561</ymax>
    </bndbox>
  </object>
</annotation>
