<?xml version='1.0' encoding='UTF-8'?>
<annotation>
  <filename>012349137931-90_92-241&amp;507_467&amp;568-468&amp;581_256&amp;580_262&amp;508_474&amp;509-0_0_10_33_26_29_5-193-11.jpg</filename>
  <object_num>1</object_num>
  <size>
    <width>720</width>
    <height>1160</height>
  </size>
  <object>
    <name>blue_plate</name>
    <difficult>0</difficult>
    <bndbox>
      <xmin>240</xmin>
      <ymin>501</ymin>
      <xmax>477</xmax>
      <ymax>585</ymax>
    </bndbox>
  </object>
</annotation>
