<?xml version='1.0' encoding='UTF-8'?>
<annotation>
  <filename>012337164751-93_83-293&amp;522_472&amp;602-477&amp;601_296&amp;590_288&amp;519_469&amp;530-0_0_21_22_30_27_26-128-20.jpg</filename>
  <object_num>1</object_num>
  <size>
    <width>720</width>
    <height>1160</height>
  </size>
  <object>
    <name>blue_plate</name>
    <difficult>0</difficult>
    <bndbox>
      <xmin>287</xmin>
      <ymin>516</ymin>
      <xmax>477</xmax>
      <ymax>601</ymax>
    </bndbox>
  </object>
</annotation>
