<?xml version='1.0' encoding='UTF-8'?>
<annotation>
  <filename>012334770115-90_87-238&amp;522_469&amp;586-471&amp;591_234&amp;585_236&amp;509_473&amp;515-0_0_29_31_32_33_32-115-13.jpg</filename>
  <object_num>1</object_num>
  <size>
    <width>720</width>
    <height>1160</height>
  </size>
  <object>
    <name>blue_plate</name>
    <difficult>0</difficult>
    <bndbox>
      <xmin>221</xmin>
      <ymin>502</ymin>
      <xmax>475</xmax>
      <ymax>589</ymax>
    </bndbox>
  </object>
</annotation>
